phoneme,count
koŋ1,308
hɔ̆k6,290
li5,277
cu4,263
ʂiŋ1,218
ŋie3,215
ɲɤ̆n1,201
doŋ2,199
za1,191
daj6,188
hɛ̆ŋ2,181
dɤ̆w2,175
ki2,174
ka5,170
vo1,170
doŋ6,168
hwa5,168
kwɤ̆n1,167
nɯɤk5,166
ăn1,165
hiŋ2,155
zɤ̆n1,148
ʂo5,146
kɔn1,146
tɯ6,146
tɯ2,143
dɯɤŋ2,139
die6,139
tiŋ2,137
χi5,136
tɯ4,135
ciŋ5,134
ɲa2,134
ka1,133
nɔj5,132
tɤ̆m1,131
kɤ1,131
zăw1,129
kwan1,129
ba1,129
zɛ̆ŋ1,129
tiŋ5,127
văn1,127
do6,126
măt6,125
ʈɛ̆ŋ1,124
kăw1,124
vɤ̆t6,123
dɛ̆ŋ5,123
t'ɤ̆n2,121
fɤ̆n1,121
cien5,118
kɤ̆w2,118
t'ɛ̆ŋ1,117
hwa1,117
t'ɤ̆n1,117
dien6,117
biŋ1,116
ɤ̆m1,115
χoŋ1,115
ban4,115
cɤ̆n1,114
tiŋ1,114
t'ien1,113
tăj1,112
bo6,112
t'e4,111
kiŋ1,111
t'e5,111
bɤ̆t5,108
ce5,108
t'ɯk6,108
za5,107
hoj6,106
ŋwien1,105
vi6,105
lam2,105
diŋ6,105
ʈuŋ1,105
ko4,103
ki5,103
ʂɯ6,102
kwok5,101
zăw5,101
măj5,101
ʐa1,100
tien2,100
biŋ2,99
t'ɛ̆ŋ2,99
tɯ1,99
a1,97
t'wi4,96
hɤ̆w6,95
lɯk6,94
vien1,94
t'ɯɤŋ1,94
t'u4,93
ʂi3,93
dăw6,92
t'oŋ1,92
bɛ̆ŋ5,92
hɯw3,91
ʂan4,91
hɤp6,89
toŋ4,89
ʈɯɤŋ2,89
li1,88
i5,86
da1,86
vi1,86
hɯɤŋ1,85
băw5,84
taj2,84
lwɤ̆n6,84
kwien2,83
kɛ̆ŋ4,82
t'i6,82
lɔ̆ŋ2,82
tɤ̆p6,82
măt5,82
kɛ̆k5,82
kim1,81
ban5,81
kam4,80
t'ɯ1,80
zaj4,80
sa1,80
ci4,79
ma1,79
ka2,79
ŋwaj6,79
fɔ̆ŋ1,79
za4,78
vɛ̆ŋ2,78
fu6,78
swɤ̆t5,78
ha6,78
tiew1,77
tik5,77
fap5,76
tiew4,76
ŋiep6,75
t'u1,75
do2,75
diew2,75
ʈɯɤŋ4,75
mi3,75
hiew6,74
mot6,73
dɤ̆t5,73
o1,72
fɤ̆m4,72
kɤ̆p5,72
hwɛ̆ŋ2,72
lɯw1,72
ɣa2,72
t'ɤ̆t5,72
kwi1,71
ăw5,71
fuk6,71
ʈɤj2,71
hwa2,71
dok6,70
mɛ̆ŋ6,70
sɛ1,70
fat5,70
ci5,70
ŋɯ3,69
di1,69
doj5,69
t'ɯɤŋ6,69
t'wiet5,69
bien5,68
da5,68
hoj2,68
noj6,68
zɤ̆j1,68
noŋ1,67
ʂăk5,67
tiet5,67
cɤ̆t5,67
t'ɯk5,67
ʈi6,67
ci1,67
an1,66
taj1,66
bɔ̆ŋ5,66
1,65
zɔ5,65
ban2,65
dɛn1,65
cɯŋ5,65
băt5,65
zik6,65
ti4,65
băw4,64
ke5,64
ŋɯɤj2,64
ket5,64
dwan2,64
t'ɤj2,64
lɤ̆p6,64
in1,63
ti1,63
t'ɛ̆ŋ5,63
zɯɤŋ1,63
kuŋ1,63
bak6,63
haj4,63
kwɛ̆ŋ1,63
za6,63
za2,62
ɲɯ1,62
ko1,62
la1,62
tɯɤŋ5,62
zɤj5,62
dɔ4,62
diem4,62
zɤ̆w2,62
zan1,61
te5,61
dɤn1,61
fɔ̆ŋ2,61
lien1,61
ʈɔ̆ŋ6,61
lăw1,60
la5,60
ʈăŋ5,60
le6,60
dɤj2,59
kɔ5,59
ʈiŋ2,59
bɔ4,59
zɤ̆j5,59
ʂăw1,59
ɲɤ̆t5,59
kien5,59
fan4,59
ʂat5,58
vu3,58
kɛ̆ŋ5,58
de2,58
tak5,58
kɯɤ4,58
ʈoŋ5,58
ki4,58
dɛn2,57
băw1,57
ko5,57
fɯɤŋ1,57
ʂɯ1,57
mieŋ6,56
lɯɤŋ6,56
χwa1,56
bɛ̆k6,56
biet6,56
tɛ̆ŋ1,56
vien6,56
vɤ̆n6,55
twan2,55
tăw2,55
χaj1,55
ɯɤk5,54
t'wɤ̆t6,54
zuŋ6,54
dan2,54
ʂɤn1,54
kaj4,54
ʈwien2,54
hoŋ2,54
tɯɤŋ1,54
t'o4,54
nɯ3,53
ɲɤ̆p6,53
cet5,53
kɛ̆ŋ1,53
beŋ6,53
băŋ2,53
zu1,53
tiep5,52
sɛ̆ŋ1,52
luk6,52
t'iet5,52
ak5,51
ɲiet6,51
laj6,51
fi1,51
miŋ1,51
ʂoŋ5,51
lwɤ̆t6,51
ɲak6,51
ta1,51
ʂɤ1,51
toj6,51
toj5,51
ʂɤ4,51
i1,51
lɛ̆ŋ2,50
ɛ̆ŋ1,50
hăw2,50
ʂa1,50
tien1,50
ho2,50
hwa6,50
cwien4,50
cuŋ1,50
oŋ1,50
liew6,50
mo1,49
lak6,49
liŋ1,49
zak5,49
zɤ̆n3,49
ho6,49
muk6,49
ɯŋ5,49
tieŋ5,49
kwa5,49
hwa4,49
dăk6,49
kaj5,48
t'ɯɤŋ2,48
to5,48
mɤ̆t6,48
tok6,48
χo4,48
doj6,48
iew5,48
t'i1,48
zi1,47
ʈi5,47
sak5,47
ʂɛ̆ŋ5,47
kɯk6,47
ba2,47
mɤ̆w3,47
kiŋ5,47
tam1,47
lɯɤ4,47
ma3,47
hwiet5,46
cwien1,46
fa5,46
cɯ3,46
to1,46
tien5,46
t'uok5,46
twiet6,46
me1,46
tuk6,46
wi4,45
tɯɤŋ4,45
hon2,45
ha2,45
tan5,45
ŋăj2,45
he6,45
lɤj6,45
t'aj5,45
daj2,45
tin1,45
la2,44
baj2,44
χɛ̆k5,44
tɯ5,44
ap5,44
ʈuŋ2,44
bi6,44
tɤ1,44
nɔn1,44
zuk6,44
ʂɯ4,44
bien1,44
kɯw5,44
kwa4,44
lɛ̆ŋ1,44
kwi5,44
ɲien1,43
bat5,43
zɤ4,43
hien6,43
kik5,43
kot5,43
bo4,43
do4,43
ʈaj5,43
vu6,43
ŋu3,43
t'ɯ5,43
hon1,43
ŋon1,43
zwi1,43
ti5,43
ɛ1,42
an5,42
kwiet5,42
băj1,42
zien6,42
lo6,42
sa3,42
năŋ1,42
zien3,42
kɯɤj2,42
ʂwi1,42
hwan2,41
ʂiew1,41
lɛ̆ŋ3,41
ɣan1,41
lɯɤŋ1,41
tiŋ4,41
ʂɛ̆k5,41
ʂɯk5,41
tu1,41
kwɤ̆n2,40
fi5,40
t'i2,40
fu4,40
tin5,40
kuŋ2,40
dɤ̆w6,40
dien2,40
cɯk5,40
ban1,40
fam6,40
kɯ4,40
zi6,40
kuk6,40
mɛ̆ŋ1,40
t'ɤ̆j2,40
diŋ2,40
χɤ̆w4,39
t'u5,39
băw2,39
măw5,39
kăw5,39
vɯɤŋ1,39
măw2,39
nien1,39
hɤj1,39
dɤ̆w5,39
kɤ̆n1,39
zuŋ1,39
kwan4,39
tan2,39
zɯ3,39
mat5,39
ʈɤ̆n2,39
ʂɤ̆w1,39
lɤ̆m1,39
cɯŋ2,38
noj4,38
mon1,38
ʈɯ2,38
to4,38
lwan6,38
miŋ2,38
kik6,38
ɲɤ̆n6,38
ki3,38
tăw6,38
do1,38
huŋ2,37
diew6,37
loŋ1,37
bɛ̆k5,37
tɤ̆j1,37
twan5,37
twɤ̆n2,37
ŋi6,37
bo2,37
ʈɯk6,37
kɔ4,37
kɤ̆m2,37
tɔ̆k5,37
ŋe6,37
haj6,36
liet6,36
ɛ̆ŋ4,36
zɯɤŋ3,36
χu1,36
vɔ̆ŋ6,36
lwaj6,36
lik6,36
bi5,36
ŋi1,36
ve6,36
tien6,36
bi1,36
laj1,36
ka4,36
biew4,36
ŋɯɤ6,36
k1,36
hat5,36
făw5,36
zwien1,36
ɣa1,36
dăw2,35
ta4,35
tɯɤŋ6,35
zap5,35
mɯw1,35
lăw3,35
maj1,35
căj6,35
but5,35
kwa1,35
lon6,35
leŋ6,35
χɤj4,35
twien5,35
ki6,35
taj5,35
no1,34
aj5,34
nam1,34
ɤ̆m5,34
zaj2,34
năm1,34
zaj1,34
fɤ̆n2,34
ʐăw1,34
bɤ̆w2,34
t'ɯɤ2,34
hɛ̆ŋ6,34
doŋ1,34
bɔ6,34
kɤ̆w1,34
kɤ̆j1,34
sɯɤŋ1,34
vɔ3,34
t'am1,34
ien1,33
kɯ1,33
ɤ̆n4,33
boŋ1,33
dăw4,33
zɤ̆t6,33
t'ɤ1,33
mwi3,33
diŋ1,33
ʈɤ6,33
hiew5,33
băw6,33
mɛ̆k6,33
lăw5,33
lɤ1,33
kɯɤŋ2,33
za3,33
t'oŋ5,33
mɤ̆t5,33
t'ɤ̆m1,32
tɯk5,32
lɤj2,32
ʈwi1,32
meŋ6,32
ɲiem6,32
t'ăw4,32
mom2,32
zɯɤk6,32
ca1,32
hwɛ̆ŋ1,32
kɤm1,32
ʂɔ̆ŋ1,32
tɤ̆n1,32
zɯ6,32
mɛ̆ŋ2,32
lɔ̆ŋ1,32
fuk5,32
fɛp5,32
e1,32
lo1,31
tăŋ1,31
tɯɤj1,31
boj6,31
bo5,31
ʈɤ̆n6,31
t'ɛ̆k6,31
ʈɛ̆ŋ5,31
ma2,31
zaj6,31
t'a1,31
ʂaj1,31
sɯ4,31
tɤ̆m2,31
kɯŋ5,31
zăj2,31
ŋɛ̆ŋ1,31
ʈɛ̆k5,31
t'an1,31
le3,31
len1,31
tuk5,30
lɛ̆ŋ6,30
năw3,30
faj4,30
tɔ1,30
t'wien2,30
cin5,30
ɲɤ̆t6,30
kwan5,30
zɤ2,30
ham2,30
băŋ1,30
lɔ2,30
fɔ̆ŋ5,30
ʈɛ̆ŋ6,30
dăw1,30
kan1,30
tok5,30
tik6,30
mɔ̆k5,30
ʐo1,30
ku4,30
ho4,30
ʂɯ5,30
ton1,30
ba5,29
hiem4,29
it1,29
tu2,29
dăŋ1,29
kɤ̆n2,29
zɤ̆w5,29
le1,29
te1,29
kɯɤŋ1,29
kăn1,29
cɤ6,29
cɤ̆p5,29
bien6,29
χuk5,29
ɲɔ4,29
han2,29
ʈi1,29
tɤ̆n6,29
dɛ̆ŋ4,29
faj5,29
năw2,29
ti2,29
ʈɤ4,29
ciew5,29
ʐoj5,29
cim1,29
t'u6,29
han6,29
ciew1,29
nɔ̆ŋ5,29
hi5,29
lwien6,29
sa2,29
ni1,28
dɯk5,28
kwi4,28
tăk5,28
bɔ2,28
ɤ4,28
si2,28
sik5,28
lăŋ1,28
kat5,28
χăw4,28
bi2,28
ɲăj4,28
cuoj5,28
ʐuot6,28
buŋ6,28
koŋ6,28
dăŋ4,28
χɛ̆ŋ5,28
tɤ̆t5,28
mu2,28
tiŋ3,28
sɛt5,28
ʈɔn2,28
cɔ5,28
zɛ̆ŋ5,28
t'ɤ̆m4,28
hɯɤŋ5,28
ŋo6,28
t'ăŋ4,28
t'ik5,28
fu1,28
ŋiem6,28
hien2,28
ɲa1,28
doj1,28
t1,27
fɤ̆n6,27
hat6,27
ʂwɤ̆t5,27
ciw6,27
nat5,27
lo3,27
tap6,27
hăw1,27
u1,27
lɯɤk6,27
vɔ̆ŋ1,27
zɛ̆ŋ6,27
zwɛ̆ŋ1,27
cɛ2,27
t'u2,27
iew1,27
kăj2,27
kɔ2,27
mɤ3,27
tot5,27
măŋ1,27
tuoj4,27
ɣɔ̆k5,27
ciew2,27
χăk5,27
t'ɤ̆p6,27
dwan6,27
zɤ̆m1,27
t'uok6,27
ʈɤ̆m2,27
t'ɯɤk5,27
hoj5,26
lɔ1,26
it5,26
fa1,26
sa6,26
mɯɤ1,26
măk6,26
cɤj1,26
ʈɛ4,26
ban6,26
lɤ̆w1,26
fɤ̆n5,26
ʂɛ̆ŋ1,26
căŋ4,26
dăk5,26
ʐɯɤw6,26
twi5,26
ɔ̆ŋ1,26
cu5,26
kuo4,26
dok5,26
boj2,26
duoj1,26
kam1,26
ʂɛ̆ŋ2,26
kɤ̆m5,26
van6,26
mɤ4,26
ŋiem1,26
fu2,26
mi1,25
j1,25
năm2,25
cie1,25
ŋoj2,25
lăŋ6,25
de5,25
t'ăŋ5,25
χwa5,25
kɤ2,25
bɛ̆ŋ2,25
bɛ̆ŋ4,25
ŋik6,25
bat6,25
boŋ2,25
biet5,25
bu2,25
kien6,25
cuo1,25
ta2,25
kɛw5,25
fɔ5,25
vɔ̆ŋ2,25
ku6,25
χɔ5,25
hɯ1,25
vɤ̆n1,25
mɤ1,25
kiem4,25
hiep6,25
hwat6,25
t'aj1,24
mɔ4,24
tɛ̆ŋ5,24
năŋ6,24
ok5,24
cuo5,24
t'ăw1,24
baj6,24
ʈu6,24
t'ăw5,24
dɯŋ5,24
ta5,24
χwaj1,24
hon3,24
ke1,24
dan6,24
ɛp5,24
zɛ̆ŋ4,24
ʂăt5,24
bien4,24
χiŋ1,24
ɲiem3,24
ʂuŋ5,24
ŋu4,24
ʂɔ̆ŋ5,24
ʐɛ̆ŋ2,24
hɤ̆p5,24
vɯɤ2,24
kɤ̆w5,24
kɤ̆n6,24
cuot6,24
dien4,24
t'iew5,24
ʂoŋ1,24
zɯ1,24
ten1,24
vien3,24
aj1,23
ɤ̆n1,23
ʈaj1,23
oŋ5,23
hɔj4,23
ʈa4,23
va6,23
zu6,23
ŋwiet6,23
daj3,23
be1,23
zam5,23
kɔ̆k5,23
ton2,23
kwaj5,23
t'it6,23
haj1,23
cwien6,23
toŋ1,23
ɲi1,23
cuŋ4,23
lɛ̆ŋ5,23
bɔ̆p5,23
sep5,23
ʈɔ2,23
ʈɛ̆ŋ2,23
cɤ̆w1,23
măj1,23
t'wɤ̆n2,23
zj2,23
kwi3,23
fu5,23
dɯɤŋ1,23
luo5,23
na1,22
văŋ5,22
bɔm1,22
ɣaj1,22
bɯk5,22
zam4,22
ʈăŋ1,22
vaj1,22
mɛ6,22
lɯŋ1,22
ʈu5,22
zɔ2,22
vɔj1,22
lɤ̆m2,22
doj4,22
dɤ̆w1,22
mɤj5,22
ɣăw6,22
nɯɤ4,22
lɤ̆p5,22
tu6,22
tan1,22
suŋ1,22
buon2,22
kuo1,22
t'ien6,22
si1,22
χon1,22
ciŋ4,22
ku2,22
ɯw1,22
vɤ̆n5,22
lɛ3,22
t'wɤ̆n6,22
te6,22
de4,22
mu3,22
man1,22
kuoŋ2,22
la6,22
vwi1,22
t'ɤ6,22
da2,21
moŋ6,21
ɛn1,21
măj2,21
lɤn5,21
ɤ̆n5,21
kɛ1,21
hɤ̆w2,21
ʈiew2,21
văw2,21
buon1,21
tom1,21
ʐăŋ1,21
lăn1,21
kɯ5,21
nɤ6,21
χa4,21
man3,21
ɣi1,21
kwăj1,21
t'am4,21
liŋ5,21
ik5,21
ŋɤ̆n1,21
mɛ1,21
hwien2,21
ʈuk6,21
den5,21
lɯɤj3,21
vit6,21
ʐăn5,21
ŋɔ̆t6,21
lɤn6,21
ʐɯŋ2,21
cwɤ̆n4,21
viek6,21
χo1,21
ɲɛ6,21
ɲuk6,21
zɛ̆ŋ2,21
fim1,21
tuŋ1,21
ɲi6,21
wan1,21
măk5,21
t'we5,21
de1,20
mo6,20
m1,20
cɛ̆ŋ2,20
t'uk5,20
ăw4,20
taj4,20
bak5,20
liŋ3,20
ɤn1,20
ŋɯɤk6,20
zɤ̆w1,20
ŋɔ̆k6,20
bɤ2,20
ŋe2,20
haj2,20
ʈɔ̆ŋ1,20
twien4,20
ʐăw2,20
loŋ2,20
vɤ3,20
von5,20
kok5,20
dăŋ2,20
ʈɤ̆w1,20
coŋ5,20
ɲɔ1,20
w1,20
mo2,20
ʈwien6,20
maj5,20
ɲat6,20
dik6,20
tăw5,20
dwan4,20
taj6,20
χwɛ̆ŋ5,20
fɤ̆t6,19
tɔ̆ŋ2,19
ɔn1,19
ʈa1,19
t'ɤ̆t6,19
ɤ̆m4,19
tɤ̆n2,19
vɛ̆ŋ1,19
t'ɯɤŋ4,19
sa5,19
kuk5,19
baj3,19
t'ɯ4,19
vɛ3,19
toŋ5,19
hi4,19
bɤ̆n2,19
ʈăk5,19
mak6,19
ʈɯŋ1,19
cɤ̆m5,19
bok5,19
kɛ̆ŋ2,19
ʐut5,19
ku1,19
ʂɔn1,19
ʈɯŋ5,19
kɤ̆m4,19
hwɤ̆n5,19
dɔn2,19
o4,19
dwan5,19
zan2,19
cu1,19
t'ɔ6,19
mɛw2,19
kɔ1,19
ʂɛ̆k6,19
ʂo4,19
swɤ̆n1,19
twi2,19
lɛ1,19
lɤ2,19
fe5,19
lwɤ̆n1,19
ʈɯɤk5,19
twien1,19
va1,19
tit5,18
tɯɤŋ2,18
hɯɤŋ4,18
daj5,18
ʂɯɤŋ1,18
sin1,18
nɛ̆ŋ1,18
tɛ̆ŋ2,18
ɣak5,18
ma5,18
măw1,18
t'waj6,18
cɔ1,18
ɣɔ̆p5,18
vɤ6,18
noj5,18
cɯɤŋ1,18
kăt5,18
ʂɯɤ3,18
lan1,18
băk5,18
tɤ̆j4,18
die3,18
zɔ̆ŋ6,18
moj5,18
tăm1,18
t'e1,18
bɛ5,18
ŋwaj2,18
dat6,18
ɲăw1,18
mat6,18
t'i5,18
loj1,18
t'a4,18
dam2,18
suk5,18
lɛw1,18
kăj1,18
zan5,18
dɛp6,18
ʂot5,18
kɤ̆t5,18
ŋwien6,18
t'ăŋ1,18
het5,18
mit5,18
wi5,18
tie5,18
tăt5,18
hɛn2,18
dot6,18
ʂ1,18
sit5,17
dɤj5,17
zɤ̆k5,17
twa6,17
kiet6,17
nuoj1,17
bɯɤ3,17
kiem5,17
be2,17
ʂăw5,17
ba6,17
mien3,17
ʂan1,17
bɛ2,17
bɛw2,17
ca4,17
kw1,17
ʈi2,17
băw3,17
ku5,17
băp5,17
ɲa3,17
lwi6,17
huŋ1,17
kăn5,17
ʈuk5,17
vuŋ2,17
ʈu2,17
kin1,17
hwaj2,17
hɯŋ5,17
măw6,17
kwat6,17
koŋ5,17
mok6,17
ŋăt5,17
dik5,17
lɔ̆k6,17
kwe1,17
ŋwi1,17
vɤ̆n2,17
ze3,17
kɔj1,17
hi1,17
kien1,17
lɤ3,17
ɣɛ̆k6,17
hut5,17
zɔ̆ŋ2,17
zun1,17
dɛ̆ŋ2,17
dɯɤ1,17
vu1,17
diep6,17
vi3,17
nan6,17
ti6,17
fo4,17
viŋ1,17
kɛ4,17
ɲɤ̆p5,17
wi1,17
on1,16
tɤ̆t6,16
bɛw5,16
χɛ̆ŋ1,16
ŋaj6,16
am5,16
ɛ̆ŋ5,16
zuŋ3,16
cɛw2,16
dem1,16
dăt6,16
t'ɤ̆p5,16
căw5,16
căk5,16
mɔn2,16
mɯŋ2,16
mɔ2,16
t'ɛw1,16
kuŋ5,16
ʂɤ̆w2,16
vie5,16
tet5,16
dɤ3,16
kɤ̆p6,16
bo1,16
ŋa3,16
ʈăm1,16
bɛ̆ŋ1,16
zɔ1,16
muo1,16
ʂɤ̆n1,16
vɤ̆j1,16
cɯɤ3,16
dam4,16
bwi6,16
bɔ5,16
bɤ̆p6,16
ziet6,16
zi3,16
toj1,16
ʐoŋ2,16
kin5,16
hoj1,16
hwi1,16
bot6,16
fien2,16
suoj1,16
bɯɤk5,16
vɛ1,16
ne4,16
zɯɤ1,16
lɯɤŋ3,16
ʐɛ̆k5,16
kɛ̆ŋ6,16
ŋɤ̆t5,16
tɤ̆ŋ2,16
ʐɛ̆ŋ1,16
mɯk6,16
foj5,16
dɯɤk6,16
vɯɤn2,16
fat6,16
mem2,16
coŋ2,16
diem5,16
kut6,16
lăk5,16
nɯɤŋ1,16
t'on1,16
kɯw6,16
ziŋ1,16
t'wat5,16
lăw2,16
ʈiŋ1,16
dɔj5,16
mɤ2,16
hien4,16
χuon1,16
ʂɯɤ4,16
ʐa3,16
t'waj5,16
dan1,15
aj4,15
ŋin2,15
ʈɛw1,15
ɛm1,15
lɔ̆t5,15
ʐoŋ6,15
ʈɤ̆n5,15
kiep5,15
dɯt5,15
dap5,15
mɛ̆ŋ4,15
em1,15
ɤ̆p5,15
băj4,15
mɯɤj1,15
ʐi1,15
tɯɤk5,15
vɤ1,15
ʈuŋ5,15
ŋa2,15
ek5,15
χwaj5,15
zɔ̆ŋ1,15
năŋ5,15
ʐi2,15
mɤ̆j5,15
kuok6,15
lɤ̆n1,15
ɔ̆k5,15
kak5,15
bok6,15
vi2,15
fe1,15
tuŋ6,15
sɯɤŋ5,15
kj1,15
cɛn5,15
ʐăw5,15
mɛ̆ŋ5,15
zoŋ5,15
kăp6,15
cɯɤŋ5,15
so1,15
χɤ̆n4,15
dɔ̆ŋ5,15
χi1,15
li6,15
lam1,15
χăn1,15
ŋɯ6,15
ɣaj5,15
muo2,15
t'oj5,15
cuŋ5,15
văt5,15
sɯŋ1,15
fɛ̆k5,15
vɔ2,15
sɛm1,15
zaj3,15
nɤ4,15
zɤ̆m5,15
t'o1,15
hɛ̆k6,15
waj1,15
ziew6,15
suoŋ5,15
mɛ̆ŋ3,15
dɔ1,15
don2,15
zan4,15
ʈoŋ1,15
hɤ̆m2,15
fɔ̆ŋ4,15
noŋ2,15
vuoŋ1,15
ho1,15
twa2,15
tăw1,15
muoj5,15
muon1,15
fien5,14
χoj1,14
wan5,14
ɲan2,14
kɔ̆k6,14
kan5,14
zɤ̆m2,14
zo3,14
hiep5,14
soj1,14
măn6,14
ʈom6,14
hɔ̆ŋ6,14
vɯk6,14
ɯɤŋ1,14
ɯɤt5,14
ɤ̆w1,14
zăŋ1,14
ciem5,14
b1,14
baj5,14
ta6,14
dap6,14
t'ɤ2,14
kɯw4,14
daj1,14
duk5,14
ɣoj5,14
laj5,14
t'ɤ̆w2,14
buok6,14
buŋ2,14
ciet5,14
fo5,14
ŋan2,14
băj2,14
săŋ1,14
bɛ4,14
kot6,14
ʐe3,14
bɤ̆m5,14
hăw4,14
sɤ̆m1,14
ɛw1,14
ɲuŋ1,14
voj1,14
lɯŋ4,14
t'ɤ̆j1,14
muo5,14
ŋăn5,14
h1,14
no4,14
dɔn5,14
ɲi5,14
cɛ̆ŋ5,14
ɲɤ5,14
χwan4,14
cat5,14
maj2,14
buo5,14
dɛ̆ŋ1,14
lɔ̆ŋ4,14
ki1,14
tɛ1,14
ŋi3,14
căj5,14
ɣɤ̆n2,14
ʐɤ̆p6,14
li2,14
cam6,14
can5,14
ʈɯɤŋ1,14
căj4,14
cɤ̆m1,14
kwi2,14
cɤ̆n5,14
hien5,14
ciŋ1,14
hom1,14
hăj1,14
ʈaj6,14
lăj1,14
vuŋ1,14
kɔn2,14
lok5,14
ɲiew2,14
ʂuk5,14
ŋa1,14
t'iŋ6,14
zam1,14
zăw2,14
ŋɛw2,14
ʂɤ6,14
ɣɯɤŋ1,14
ʂăj1,14
dɤ̆j2,14
t'iet6,14
diew5,14
mɯk5,14
hop6,14
im1,14
ɣɔn6,14
nɔn5,14
lɛ̆k6,14
ŋɛ1,14
noj2,14
t'oj1,14
tuŋ2,14
t'a2,14
ɲɛ̆ŋ1,14
tu4,14
min1,13
se1,13
ŋɤ2,13
ɤ1,13
ʐit5,13
koj5,13
kɯɤp5,13
ʐoj2,13
zɤ1,13
ɣɯj4,13
nen1,13
duo3,13
ɯk5,13
cim2,13
be6,13
ʂwan6,13
sɯ5,13
lɛ4,13
t'iŋ5,13
ɲan3,13
bɔ̆t6,13
ŋɯ1,13
hɤn1,13
χwan1,13
χwan5,13
t'ăm1,13
cɔn6,13
ze1,13
tɤ̆w5,13
fiew5,13
măm5,13
cɤ̆m6,13
ʐuoŋ6,13
kɯɤŋ3,13
vu5,13
ʂăn1,13
cɛ̆ŋ1,13
dwan1,13
χaj5,13
men5,13
ŋăn1,13
ʂɛn1,13
ɣɛt5,13
zɤ̆n6,13
tu5,13
mɔ̆ŋ1,13
ce1,13
căw2,13
căm1,13
cut5,13
cɔ̆k6,13
cuk5,13
met6,13
tɤj5,13
ʐuoj2,13
lɤ4,13
cɯɤ1,13
fien1,13
diŋ4,13
ʂɔ1,13
t'ăt5,13
dien1,13
van1,13
niŋ6,13
ʐieŋ1,13
kɛn2,13
hăk5,13
mwi2,13
swăj1,13
zwi2,13
moj1,13
de6,13
lɤ̆j5,13
lɯɤ2,13
săw4,13
moŋ1,13
diew1,13
kɛm5,13
nwi5,13
ʈoŋ2,13
ʂɛ1,13
ŋɯɤ5,13
mɔ̆ŋ5,13
hɔ2,13
χik5,13
niem6,13
hwɛ̆ŋ4,13
ʂɤm5,13
kiew1,13
lɛ̆k5,13
lɔ̆ŋ5,13
vuot5,13
ŋăj1,13
ŋɤ̆p6,13
t'ɤm1,13
tie1,13
ha1,12
lu1,12
mɛn1,12
bɤ1,12
ben2,12
lien2,12
t'ɤ̆m2,12
cɯɤ5,12
lɤ̆w6,12
kăŋ4,12
ne1,12
χɤ̆w5,12
t'aj4,12
ɣok5,12
lɛ̆ŋ4,12
lăm1,12
boj5,12
den2,12
vɛw1,12
cuon2,12
ɲăt6,12
bɤ̆t6,12
sɛ5,12
bep5,12
hwan1,12
tɔ̆ŋ1,12
ɲu1,12
zoŋ1,12
kwit5,12
nan1,12
t'am5,12
ɲăw2,12
kwaj1,12
zu2,12
bun2,12
twi4,12
buoŋ1,12
lăp5,12
ɲăk5,12
ɣăj5,12
hɛ̆ŋ1,12
ʈăw2,12
dăŋ5,12
kɯ6,12
dam5,12
ɣo3,12
vɔj2,12
căn5,12
zăt5,12
noj3,12
va5,12
cɤ̆p6,12
hɯŋ1,12
χɔ1,12
man6,12
ʈăw1,12
lwi3,12
dɛ4,12
keŋ2,12
χwiŋ1,12
fan5,12
cuo2,12
lak5,12
ɲăŋ2,12
fuŋ6,12
χon5,12
duk6,12
zɯŋ6,12
hăt5,12
ŋu1,12
zɤ̆p6,12
vɛ̆ŋ3,12
liw5,12
ziw6,12
zoj5,12
ʈa5,12
kɛw1,12
tuŋ5,12
ʂɛ̆ŋ4,12
ʂɤ̆m1,12
duŋ2,12
t'ɤ̆w5,12
dɤ̆m1,12
van5,12
ʈwi6,12
t'ăj1,12
nɤ̆w5,12
loj5,12
ɣɤ̆j2,12
ŋɤ1,12
man2,12
hăŋ2,12
hwi4,12
mɛp5,12
tiek5,12
hwien6,12
ŋɤ̆m6,12
ʈɤ1,12
lɤ̆n4,12
lɯŋ2,12
luŋ4,12
t'wa4,12
a5,11
ŋi4,11
ăw1,11
kɯɤj5,11
kăp5,11
cɤ2,11
dɔj2,11
ʂuŋ1,11
ʈɤn1,11
χwɤ̆t5,11
da4,11
lat5,11
sɤ1,11
ɲɯɤk6,11
ʈɔ̆k6,11
ien5,11
kaj3,11
kuok5,11
le2,11
χo5,11
mi2,11
kwe5,11
ʈoj1,11
bɔ̆k6,11
cɛ1,11
boŋ4,11
bɤ̆k6,11
kɤ5,11
făŋ4,11
ŋo1,11
ŋuon2,11
dot5,11
ʐon6,11
kɤ̆n4,11
be4,11
kan6,11
be5,11
vɯŋ3,11
t'ɛp5,11
ŋɤ̆w3,11
bɔ1,11
ʐɛ4,11
ʐɤj1,11
căw1,11
liew3,11
zɤj2,11
su1,11
lok6,11
ci2,11
hiw1,11
tɛw1,11
buoŋ2,11
bɯɤ2,11
bɯw1,11
t'iep5,11
ʂi1,11
hɛw1,11
maj6,11
kaj1,11
vɛ4,11
ʂɛ4,11
loj3,11
kăm1,11
mɤ̆j1,11
χɔ̆k5,11
loŋ6,11
săw5,11
duo1,11
lɛp5,11
nɯɤ3,11
ziŋ5,11
lɤ̆n5,11
dwat6,11
mɯɤj2,11
don5,11
co3,11
mak5,11
lɛt5,11
kɔ̆ŋ1,11
ham3,11
ɣɛ̆ŋ5,11
lɤ̆n2,11
dɔm5,11
zăŋ2,11
vɔ̆k5,11
ziem1,11
hɔ6,11
ʈɯ3,11
ɣɛ̆ŋ1,11
zɯɤŋ2,11
fɤ̆w3,11
ɣɛn1,11
om5,11
dɤ̆j1,11
dɤ̆j4,11
du4,11
ʐɯɤ4,11
văŋ1,11
χien4,11
dɔ2,11
lɯ2,11
ʂoj1,11
ɣɤ̆t6,11
ɣɤ̆j1,11
ɣɛ1,11
ɣe5,11
ɲiew3,11
t'uŋ2,11
ton4,11
hɛ1,11
t'uk6,11
ŋeŋ1,11
ʈiet6,11
hɔm2,11
χɛw5,11
χuŋ4,11
laj3,11
kwɛn1,11
twɛt5,11
lăm5,11
ŋɔn1,11
ʈɯŋ2,11
sɤ̆w5,11
ɔ1,11
sɛn1,10
lɛn1,10
a2,10
mɔ5,10
ca2,10
fɛ1,10
ŋɔn6,10
ɲip6,10
nɔ1,10
vak5,10
nuot5,10
i2,10
hɤ̆n6,10
năw5,10
ɲɤ̆n3,10
ɤ̆w5,10
bon5,10
ʐɛn1,10
ʈɤn6,10
la4,10
mɤ̆w2,10
ziep6,10
tɛ̆ŋ6,10
coj4,10
hwaj6,10
χɛn1,10
ʐa2,10
zɛw4,10
nep5,10
ʂu1,10
vuo1,10
bɛ1,10
ɲăw5,10
bɯɤm5,10
ʂaj2,10
băn5,10
bɤ̆m4,10
boŋ3,10
hu4,10
bɤ̆j5,10
bie1,10
lɛw4,10
nuŋ1,10
bɤj1,10
twa4,10
hwan6,10
ɣɤ̆j6,10
bin1,10
ku3,10
kap6,10
zɯɤ2,10
bɔj5,10
bɔn1,10
boj1,10
tɤ̆w4,10
tam5,10
duo2,10
t'ɤ̆m5,10
cok5,10
dɔ̆ŋ6,10
kie1,10
kuoŋ5,10
kăŋ1,10
căj2,10
lɔ̆k5,10
tiem1,10
mɛ2,10
ɲɛw1,10
ʈik5,10
ɣɛ4,10
kwɤ̆j5,10
lwi1,10
cie2,10
hot6,10
cɤ̆w2,10
do5,10
kɤ̆j2,10
oj1,10
lɛ2,10
tiŋ6,10
dăw5,10
dăm1,10
ve2,10
vaj4,10
ʈɛ1,10
zuŋ2,10
maj3,10
χwien1,10
ŋɔj5,10
te2,10
ŋɛ̆k6,10
vɤj5,10
sɔ4,10
si5,10
ɣo1,10
măŋ5,10
kɯɤ1,10
kwɛ̆ŋ6,10
sɯɤ1,10
dɤ̆m5,10
ʂăk6,10
doj2,10
zăk6,10
zɤ̆p5,10
sɤ̆j1,10
zăm1,10
zăm6,10
zɛw1,10
zăt6,10
dɛ̆ŋ3,10
zwa6,10
z1,10
t'ɤ4,10
zen2,10
tan4,10
ɲam1,10
ɲan1,10
du1,10
ŋɤ̆m2,10
χoj5,10
kwɛ̆ŋ2,10
fi2,10
tɤ2,10
tien3,10
săw2,10
ŋoj1,10
naj2,10
kwien5,10
ʐɤ̆m2,10
hăw5,10
vi5,10
hɛ2,10
sa4,10
ʐi4,10
luŋ2,10
tim1,10
t'ak5,10
kieŋ1,10
tiem2,10
fɯk5,10
luŋ1,10
lɛm1,10
fɤ̆t5,10
ɲɛm1,10
lɯ4,10
mɔ̆ŋ4,10
nɯk5,10
vɛn6,10
ɲăj5,10
ʂuŋ2,10
ʂɤ2,10
tam6,10
t'ɤ̆m6,10
uon5,10
vɤ̆t5,10
vun1,10
lin1,9
tɔn1,9
a4,9
ik1,9
um1,9
ɛt1,9
lɔ̆t6,9
tɤj1,9
at1,9
ŋɯɤ4,9
bɤ̆n4,9
bɤt5,9
kam5,9
năj4,9
zɯŋ1,9
hɤt5,9
χat5,9
mieŋ5,9
ʐoj3,9
t'e2,9
ɯ5,9
ɲăŋ1,9
ʂɔj1,9
zot6,9
lwi2,9
kɛp5,9
ʂi4,9
bɔ̆ŋ4,9
cɯŋ1,9
kuon5,9
nɛm1,9
vit5,9
kwat5,9
t'ap5,9
zan6,9
tɔ4,9
dɛ2,9
ɣăp6,9
ke4,9
năj1,9
lu3,9
bɛn5,9
tɤ̆m5,9
ʈe6,9
kuŋ3,9
bi4,9
ben5,9
loj6,9
bik5,9
hɛp6,9
ʐɤ̆j2,9
caj2,9
ɣɤ̆n1,9
kăw2,9
χwiet5,9
bon1,9
ʈaj4,9
vɤ̆j6,9
tim2,9
cɛm5,9
ɲɤ1,9
t'uŋ5,9
tuoŋ2,9
vɔ̆t6,9
t'an5,9
ho5,9
kim2,9
t'ɔj1,9
lɔj1,9
kat1,9
kɛ̆k6,9
kum1,9
kɛ2,9
wɤ̆t5,9
kăm5,9
kăn2,9
ʐăŋ2,9
lɤp5,9
lɯɤt6,9
ŋɛ̆ŋ2,9
mɤ̆n3,9
nɔ̆k6,9
lɤ̆j1,9
căn1,9
cɛw5,9
lɤ̆m5,9
nɤ̆ŋ1,9
cɤ̆n4,9
cɤ̆t6,9
ɲɛm2,9
kwɛw1,9
liew1,9
zɤ̆m3,9
hut6,9
dɔ5,9
ʐɛ3,9
ham6,9
dăm5,9
moj2,9
sɔm5,9
cɔ̆ŋ4,9
lwan1,9
nin1,9
mok5,9
va4,9
cup6,9
ɲɯɤŋ6,9
van3,9
ŋwăk6,9
ɣɤ̆w5,9
kɔm1,9
kut5,9
kon1,9
vɔ4,9
dɤ2,9
zup5,9
swa1,9
t'ɛ4,9
zat6,9
zeŋ2,9
lwien5,9
kiew2,9
hwiŋ1,9
fam2,9
di3,9
χɤj1,9
ʈăw5,9
dɤ̆m2,9
t'ɔj5,9
ʐɤ̆w1,9
lɯɤŋ2,9
χuŋ1,9
he2,9
lɤ̆w2,9
vɤ2,9
ʐɛt5,9
kɛw2,9
nɯt5,9
ɣɤj6,9
lam6,9
hwi6,9
hăŋ1,9
hwak5,9
siew1,9
χɔj5,9
kew1,9
ʈien4,9
ɲɯɤŋ2,9
χwien5,9
ʐɔ̆ŋ2,9
kwen1,9
săw1,9
săm1,9
miew5,9
ʐɛn2,9
ŋɔ̆ŋ5,9
lu2,9
lɯ3,9
mɛ̆k5,9
mw1,9
ɲăm5,9
mɔ1,9
ʈɤ̆t6,9
ŋɤ̆m1,9
ŋwi6,9
tɯŋ1,9
ɲăn1,9
vɤj2,9
ʐak5,9
ʐ1,9
ʂin1,9
tăp5,9
tɤ̆n5,9
tɛm1,9
t'iŋ4,9
zot5,8
ăŋ1,8
not5,8
ɤj1,8
ʂɯŋ2,8
bit5,8
dwaj5,8
tɛn1,8
ɛ̆k5,8
am1,8
hiew4,8
dam6,8
kwɛ4,8
bu1,8
dɛ1,8
mɔn1,8
ɔm1,8
ci6,8
ʐɤm1,8
lăn6,8
făw1,8
siem1,8
at5,8
căn6,8
ʐɤ1,8
ʈen1,8
twiet5,8
va3,8
i4,8
ʂi2,8
u4,8
zo1,8
lɤn1,8
twi1,8
zăn2,8
mu6,8
fɤ1,8
iet5,8
tăŋ6,8
cak5,8
ma6,8
tɛ4,8
u5,8
ɣɔj5,8
ɲiew1,8
ʐɤt5,8
kɛt5,8
ɣăt5,8
lɯɤ5,8
ʈɛw5,8
tim5,8
don6,8
on4,8
sɔ1,8
ɲɛ2,8
ɣɔ̆t5,8
ɲɛw2,8
sɛp5,8
ʐe1,8
zɯɤj5,8
vɯɤt6,8
cɛp5,8
ŋăm5,8
ɲak5,8
sɯɤŋ4,8
zaj5,8
bɔ̆k5,8
cɛn1,8
ʂe1,8
bɔn5,8
bɔ̆ŋ1,8
ʐɤ̆m1,8
koj1,8
ɲin2,8
vak6,8
dăp5,8
χwɛ̆ŋ4,8
bɤ6,8
vet5,8
lwa1,8
lɤ̆j2,8
sɛ̆k5,8
bɯk6,8
ʐɯɤj6,8
but6,8
sok5,8
kiet5,8
ŋɤj6,8
sɔ̆k5,8
t'ɛn6,8
ŋɤ̆n2,8
kɔm2,8
huoŋ5,8
χe5,8
kɛt1,8
kɤ̆j5,8
ŋa4,8
up5,8
hɤn2,8
fɤ̆n3,8
kɯɤk5,8
kɤ̆m1,8
kɤ̆w4,8
ke2,8
keŋ1,8
liem1,8
χi4,8
χwɤ̆n4,8
kɤ̆j6,8
luo6,8
lɯɤj5,8
ŋɔ3,8
lu5,8
viet6,8
căŋ2,8
ʂɤj6,8
zet5,8
zɛ2,8
tak6,8
cɛw1,8
lek6,8
cwɛ̆ŋ5,8
vɤ5,8
ciem1,8
nɤ̆w1,8
vɔn1,8
lɔn4,8
fɯɤŋ6,8
cɤ5,8
twien2,8
ŋwa1,8
sɔ̆t5,8
luon2,8
duŋ6,8
hɯŋ4,8
ʐat5,8
zan3,8
ʐa4,8
ŋɔ5,8
kɔ̆p5,8
koŋ2,8
ɲɤ3,8
ʂuot5,8
ŋăk5,8
twan1,8
kɯt5,8
kɯw2,8
hiem2,8
ne2,8
zɤ̆m6,8
zon2,8
swan1,8
ŋuoj6,8
ɔ̆ŋ5,8
tiem6,8
zwiet6,8
si4,8
lɯ6,8
tɛ̆ŋ4,8
ʈa2,8
swien1,8
hɔ̆ŋ4,8
vɔ̆ŋ3,8
tăk6,8
dăj1,8
ʈan2,8
hiem5,8
hɯɤ5,8
lăj5,8
hwiŋ2,8
ŋuk6,8
kwien4,8
hwan3,8
hɔn1,8
kwien1,8
viŋ3,8
mɤ̆m1,8
ɣɤ̆p5,8
ʐu1,8
ʐoŋ3,8
ɣăŋ1,8
ɣăw2,8
ɣɔ2,8
hɛn6,8
ɤt5,8
lɔj2,8
tɯw4,8
hɤ1,8
hwien1,8
hɔ1,8
ɲat5,8
hwi5,8
muon6,8
hwɛ̆k6,8
hɔ̆p6,8
ŋat6,8
huŋ5,8
hɯɤw1,8
tw1,8
ke6,8
χăw1,8
χiep5,8
net5,8
om1,8
ɲu3,8
lɯɤt5,8
ɲɛ̆ŋ2,8
lăj6,8
lăŋ5,8
lɤ̆n3,8
vɤ̆n4,8
lɤ̆t6,8
lɛw2,8
lik1,8
lop5,8
ɲwɤ̆n6,8
ɲɤp5,8
fɤt5,8
luk5,8
ʂuk6,8
mi6,8
u2,8
ʈɔ̆ŋ2,8
twɛ̆ŋ1,8
sien1,8
ŋieŋ1,8
ŋăt6,8
ŋɤ̆m5,8
t'ɛm2,8
niem1,8
nin5,8
fɤ̆p6,8
fiew1,8
kwɤ̆n6,8
ʐiw1,8
voŋ1,8
tɔm5,8
ʈew1,8
vɔ1,8
soŋ1,8
swi1,8
tat5,7
ʐin1,7
muoj6,7
tăm5,7
bɤ̆n6,7
căj1,7
dɔ̆ŋ1,7
dɤj6,7
ʂɯɤŋ5,7
t'uo1,7
ăŋ5,7
ɤ̆m6,7
ɤ̆j5,7
cik5,7
dak6,7
foŋ2,7
tăj2,7
sɔj1,7
cɤ̆w6,7
t'iep6,7
băt6,7
min2,7
nɛt5,7
mɔn6,7
beŋ1,7
beŋ2,7
sɛn5,7
bɤ̆j4,7
ɲɤ̆j2,7
ŋɔ̆t5,7
bɤ4,7
nuk5,7
χoŋ4,7
bik6,7
bien2,7
ɲi2,7
dɔ̆ŋ2,7
lwɛ̆ŋ5,7
căt5,7
ʐɤj2,7
kɤt6,7
su2,7
buo2,7
dɯk6,7
lɤj1,7
ŋien1,7
ʐɯt5,7
ʐot5,7
kɤ̆n5,7
duoj5,7
mɤ̆p6,7
t'ie1,7
t'iew4,7
lan2,7
ma4,7
t'ie2,7
kɔ6,7
kwɛt5,7
ʐɤ3,7
kan4,7
kon2,7
lew1,7
ŋăw6,7
kăw4,7
kăw6,7
ʂɯɤn2,7
kwi6,7
kɛm2,7
sɯŋ5,7
cwi1,7
t'ɤ̆j5,7
mɤ̆m2,7
fɛw2,7
cap6,7
căm2,7
căŋ1,7
cwɛ̆ŋ6,7
fak5,7
sam5,7
lɯɤj2,7
cit5,7
ŋɔn5,7
wien1,7
ŋɯɤŋ3,7
nap6,7
t'ăŋ2,7
mɔm3,7
diŋ5,7
cɔj5,7
cɔ̆ŋ5,7
cɔ̆p5,7
cɤp5,7
ʂwaj5,7
cuoŋ2,7
ʂăw2,7
lăt5,7
siw5,7
cɯɤ4,7
cɯj4,7
ʐɔ1,7
ʐɔj1,7
nɤj1,7
ŋɯɤj1,7
swi5,7
ɣăŋ5,7
nɤ1,7
tɔj1,7
năj2,7
lɔ6,7
ɣɤ̆m2,7
ʐu2,7
ʐu4,7
ʂwat5,7
ʐu3,7
kɯɤ6,7
tot6,7
no6,7
ŋɛ5,7
t'ien2,7
tɔ2,7
da3,7
ɲɔ̆k6,7
kɯɤj3,7
zɛ4,7
lɯɤn1,7
t'ɯɤt6,7
zăj6,7
ziw2,7
ɲɤt5,7
zɛ1,7
zɛp6,7
zoj2,7
zuo3,7
liew2,7
ʂet6,7
ʂɤ̆m2,7
oj5,7
ʐɤ̆j3,7
ɲɯk5,7
dem5,7
op5,7
tuo1,7
die4,7
tɯɤ6,7
ɣăj1,7
ʐɯk6,7
duŋ5,7
twe6,7
ŋăw2,7
ɲɯɤ6,7
swăn5,7
zeŋ5,7
tɤ̆k5,7
ɣ1,7
ɣat6,7
ɣoŋ1,7
ʂan2,7
fuŋ2,7
ŋwan1,7
ɣw1,7
ha4,7
ʐɔ3,7
ham1,7
mɛt5,7
ɲăn3,7
hi2,7
ʈiet5,7
ʈiew6,7
t'iew1,7
hwăk6,7
ʐiŋ2,7
hu5,7
ʐɛ1,7
l1,7
vin1,7
χɯ2,7
χit5,7
χɤ̆m1,7
mɛ3,7
χok5,7
t'ieŋ1,7
mie5,7
lɤ̆m3,7
tɛ̆k5,7
t'iŋ1,7
lăŋ4,7
ʈon5,7
ʐiw5,7
tit6,7
luŋ5,7
t'ɯɤ1,7
vɯɤŋ5,7
vɛ̆k6,7
fɛ̆ŋ1,7
ɲăn5,7
mɔj4,7
mit6,7
faj1,7
nɤ̆m5,7
ŋɤ̆j1,7
ŋɯɤŋ6,7
ɲuŋ3,7
t'ɛ̆k5,7
vuŋ6,7
twak5,7
fo1,7
kwăt5,7
kwɛ̆ŋ4,7
ʐun1,7
ʂum1,7
tăw4,7
tuot6,7
t'ut6,7
twe5,7
twɛ1,7
ʈoj5,7
tum2,7
swaj2,7
ŋiet6,6
kik1,6
ɣɔ1,6
niŋ1,6
ăw2,6
kɛn5,6
cɯk6,6
ɲɤ2,6
ʈɤ̆w2,6
hăn4,6
ɤ̆m2,6
ɯ2,6
ɛ̆k6,6
năk6,6
uŋ5,6
iem5,6
leŋ1,6
kɤn1,6
ba4,6
ba3,6
baj1,6
vɤ4,6
coŋ1,6
zɤ̆n2,6
sɤj5,6
bɤ̆j2,6
dɔ̆k6,6
ʂăp5,6
ʈɯɤŋ5,6
kom5,6
zɤ̆j2,6
mɯɤt5,6
ʈɔ1,6
na4,6
mɤ̆w6,6
liep5,6
ɲi3,6
cɯɤk5,6
ʈɔj5,6
t'ɤ̆n4,6
hɤ̆m1,6
ŋɯŋ1,6
bɤ̆j6,6
tɔj4,6
bɛŋ1,6
bɛt5,6
ʈe3,6
ʐak6,6
căt6,6
bip6,6
bɤm6,6
sɔ5,6
cɛt5,6
bɔn2,6
nɛm5,6
ɲwɛ̆ŋ5,6
mɛw5,6
hɔn2,6
lew5,6
ɣɔ3,6
ʂɤ̆j5,6
ɲɔ6,6
fɤ2,6
kɔj3,6
zɤ̆w6,6
dit5,6
ɲaj5,6
bɤj5,6
bɤn1,6
bwi2,6
buŋ5,6
nen2,6
non1,6
teŋ1,6
lie1,6
lip5,6
zj4,6
cɛ̆k6,6
caj1,6
cɔj6,6
kiŋ2,6
t'ɤt5,6
ŋɛ̆ŋ6,6
ʈak5,6
lɤ̆j3,6
uŋ1,6
kan2,6
χwie1,6
dăj5,6
χwat5,6
vut5,6
zăn6,6
văn6,6
koj3,6
nɤ̆j4,6
kiem6,6
kip5,6
vɔ5,6
kɤ̆t6,6
ne6,6
ʈɯɤt6,6
viet5,6
sat5,6
don1,6
ɲɯŋ3,6
zɯt5,6
kwɛ2,6
văj5,6
cɤn2,6
cɯɤŋ4,6
cɤ4,6
nu6,6
cɛ4,6
ceŋ1,6
cum2,6
hɛn1,6
sɛ4,6
foj1,6
cieŋ1,6
cuoŋ6,6
fɯɤŋ2,6
ʐo6,6
ʂap5,6
ʂuoj5,6
ŋăw1,6
ʂɔj5,6
cwɛ̆ŋ1,6
ɲɔm1,6
cɔ̆ŋ2,6
mɔ̆ŋ2,6
kun2,6
coj5,6
nɛ̆ŋ6,6
ɲa4,6
lwɛt5,6
lwi4,6
lun2,6
χwi1,6
dew2,6
cɯ1,6
kt1,6
sɤj1,6
koj6,6
koŋ4,6
kɤ3,6
zɛ3,6
lut6,6
kɛp6,6
kwɤ̆n3,6
sɛw5,6
ŋu6,6
kɯ2,6
χa2,6
o2,6
la3,6
mwi5,6
χɤ2,6
mo4,6
zăj3,6
zwi5,6
zɤ̆n5,6
tăm2,6
zɤ̆j6,6
ziem3,6
zɔn6,6
vɛ̆k5,6
ʈɯɤŋ6,6
lɔm3,6
dɤ̆p6,6
duoj4,6
t'ɔ̆k6,6
ʂɤ̆m5,6
vo3,6
dăj2,6
dwa6,6
t'ăm5,6
t'ɔ̆k5,6
dɤ̆m6,6
ʂɛt5,6
t'ɛw6,6
nɛ̆ŋ2,6
ŋit6,6
t'wi1,6
dɛw2,6
fuŋ5,6
do3,6
t'oj4,6
lwat6,6
hɤn5,6
nɔ̆ŋ2,6
ʐan1,6
ɛw3,6
nɔj2,6
kwɤ̆n4,6
me2,6
ʂɔ̆ŋ2,6
ɲɤ̆m5,6
ɣɔj6,6
t'ăŋ6,6
zăw4,6
ha5,6
hɤ4,6
ʐap5,6
hok5,6
muon5,6
hum2,6
hien1,6
χɤ̆t5,6
ton5,6
sɤ̆m4,6
hɯk6,6
tɤ̆p5,6
hɔ̆k5,6
ʐɛw1,6
ʈon6,6
hwăk5,6
hɯw1,6
mu4,6
t'wien1,6
vɯɤn6,6
kek6,6
χak5,6
χam5,6
χan5,6
χăŋ4,6
χɛ1,6
χɤ̆t6,6
fɔ2,6
lɛw5,6
χiem5,6
χiew5,6
χwɛ̆ŋ1,6
văn2,6
siet5,6
noj1,6
ɯŋ1,6
kiem2,6
ɲaj1,6
mɤ̆j4,6
t'we1,6
lɛ6,6
lăw6,6
lj1,6
lat6,6
tɤ̆m4,6
lɤ̆m4,6
mɤ̆n4,6
kwɤ̆t5,6
t'ek5,6
lew2,6
lɤm6,6
kwiŋ5,6
si6,6
swɛ̆ŋ2,6
t'wɛ̆ŋ5,6
lo5,6
ɲon6,6
ɲɛ1,6
mɯɤp5,6
sek6,6
mɔ̆t6,6
kwɛ̆ŋ5,6
ʂăm5,6
na3,6
nuŋ5,6
vɛt5,6
nɛn1,6
năm5,6
ŋăw5,6
ŋwɤ̆j4,6
ɲɛw3,6
ɲin6,6
ɲo4,6
ɲɤn4,6
ɲun5,6
vɤ̆j2,6
ʂwi2,6
tɛp5,6
wɛ̆ŋ1,6
ɔn4,6
we5,6
fi4,6
fiem5,6
fɤj1,6
ʐɤ̆m6,6
ʐen1,6
ʐuŋ1,6
ʂɯɤt6,6
ʂɯŋ1,6
tɤ̆ŋ1,6
swa5,6
tɛ5,6
tɯw6,6
t'ot5,6
t'ɔ2,6
t'wat6,6
t'uŋ1,6
tiek6,6
ʈu1,6
sɔj5,6
mɯɤn6,5
hit5,5
bie2,5
χwak5,5
ʂo1,5
bam5,5
bieŋ5,5
cɛt6,5
năn1,5
ɤ2,5
ɤ5,5
hwe6,5
ʈi3,5
lit1,5
lap5,5
kwɛ1,5
ʈăw6,5
buo1,5
bt1,5
viw5,5
ʈo4,5
zi2,5
cwɛ6,5
fɤ4,5
ʐan5,5
sɛw2,5
bw1,5
tap5,5
bɛn1,5
lɯɤn6,5
ve5,5
t'ɔ̆p5,5
tɯɤj4,5
bɤ̆n5,5
bɔm3,5
t'iŋ2,5
bɤ̆w5,5
bɤ̆j1,5
cɯ2,5
bon6,5
bew1,5
tum1,5
oj4,5
t'wi2,5
bim2,5
ʈam6,5
mut5,5
ziw5,5
tɔ̆t5,5
bɔ3,5
ʐɔ6,5
ʈat5,5
lot6,5
bɯɤm1,5
ʈan5,5
hɔ̆ŋ5,5
ʂɤ̆p5,5
χwek5,5
fɛt5,5
twak6,5
hoj4,5
bop5,5
kăn6,5
bɤj2,5
bɤj4,5
zj1,5
bun5,5
buŋ4,5
ɲuŋ2,5
buoj4,5
bɯŋ1,5
ʐɤ̆w2,5
t'ɛ1,5
mɔ̆k6,5
zɔ̆k6,5
vat5,5
ko6,5
χɛw1,5
ʐieŋ2,5
t'ɔ̆t6,5
cien1,5
mɔj2,5
fɛn2,5
t'iew2,5
va2,5
kɛn1,5
ŋien6,5
kaj2,5
ʂăj4,5
ɲoŋ1,5
văj4,5
χwɛ5,5
zɔ̆ŋ4,5
χiet5,5
ŋew1,5
kap5,5
nɔ̆ŋ1,5
kăk5,5
kɛ3,5
lɤ̆k5,5
tiet6,5
dop5,5
t'ɤ̆n6,5
lɛn4,5
haj5,5
cɤ̆w5,5
can1,5
mɤ5,5
cuok6,5
ʂɔ̆k5,5
ɲɛ3,5
cɤ̆m2,5
cɯŋ3,5
χɯ4,5
lɯw6,5
hwɛ1,5
vɛ2,5
veŋ1,5
cɔ̆k5,5
iew4,5
ɲɛ̆ŋ5,5
hw1,5
cwɛ5,5
t'wi5,5
χe1,5
mɛ5,5
ŋɔ6,5
sɔ̆ŋ1,5
dew4,5
vɛ̆ŋ5,5
ɣɛw6,5
lɔj5,5
cɔm2,5
cɤ1,5
ɣɔ̆ŋ6,5
cɔ̆t5,5
ʈɛw2,5
ʈoj6,5
fiet6,5
ʂwi5,5
ʐe4,5
ʐuk5,5
cwi5,5
hum1,5
cun2,5
doŋ4,5
ʐuo4,5
ʐuo1,5
mɤ̆n2,5
ve1,5
nit5,5
kɛt6,5
ko2,5
ko3,5
săj1,5
sɔn1,5
ŋɤj1,5
niew1,5
luoŋ2,5
ɲɤ̆j1,5
mi4,5
twi6,5
duok5,5
kuŋ4,5
kuoj6,5
kuon6,5
lun4,5
t'un1,5
năk5,5
nɛ4,5
swa2,5
ʐan6,5
duon3,5
zat5,5
zoj3,5
văt6,5
hăŋ5,5
zɤ̆j3,5
zɛ5,5
ze4,5
ze5,5
hɤm6,5
zɔ̆ŋ5,5
zok5,5
zoj6,5
nɛn5,5
lam3,5
dem6,5
tɤn6,5
dɤ̆n6,5
hok6,5
ŋɯk6,5
dɤn5,5
tɤ5,5
kit6,5
die2,5
dăn5,5
mɤ̆w5,5
zɔn2,5
dɛw1,5
ɣɔ̆t6,5
dwɛ̆ŋ4,5
ɣuok5,5
ot5,5
di2,5
diek5,5
hwiet6,5
twa1,5
nɔ6,5
hwɛn1,5
ŋɤ̆w5,5
ɲwien3,5
lwa3,5
du2,5
du5,5
ʂɯŋ3,5
lɔn1,5
ʂat1,5
to2,5
ɣɤ̆m3,5
ɣin1,5
ɣan2,5
ɣăn5,5
ɣɯɤŋ6,5
ɣăp5,5
ɣɤ3,5
hɤ̆n5,5
tɤ̆j2,5
ɣe1,5
ɣɤm5,5
ʐɤn6,5
fa4,5
ʂut5,5
hwan5,5
hwɛ2,5
t'ɔ̆t5,5
fut5,5
nɛw1,5
ʐăk5,5
ʈɔ̆k5,5
zɔj4,5
zɔ̆t6,5
ʂan5,5
ʐit6,5
t'ɔn1,5
sieŋ2,5
tăŋ2,5
hɛ̆k5,5
mien1,5
haj3,5
hɯ2,5
hɔj1,5
hɤ̆m4,5
hɤ̆m6,5
hɛt5,5
huk6,5
χan1,5
twɛ̆ŋ2,5
hot5,5
o5,5
kiew4,5
ho3,5
kie2,5
hoŋ4,5
hwek5,5
hup5,5
t'it5,5
fun1,5
ɔj1,5
ʂu2,5
ʐew1,5
kwɤ̆t6,5
viem1,5
χɛt5,5
χien1,5
χiew1,5
miet6,5
χwa4,5
ʂɔ6,5
χwɛ4,5
lo2,5
χu2,5
ɲu4,5
kiem1,5
ŋak6,5
liem5,5
lăw4,5
luŋ6,5
mɯɤn5,5
făw2,5
ɲap5,5
liŋ4,5
ʂaj3,5
ŋɔj2,5
sɤ̆k5,5
lut5,5
lwɛ2,5
lɛm5,5
ɲɛp5,5
sɛp6,5
let5,5
lek5,5
lwɛ̆ŋ1,5
ɲɔ̆k5,5
lɔm1,5
lɤ5,5
lɯŋ3,5
ʂe2,5
ɲuk5,5
luon1,5
t'em1,5
tɯɤm1,5
vɛn1,5
mit1,5
maj4,5
se5,5
mɛw6,5
năn5,5
ɲun3,5
t'e6,5
ŋɤ̆m3,5
ŋwăj4,5
ŋɤ̆n4,5
ŋɯŋ2,5
ŋɛn6,5
ŋwɛ1,5
wien4,5
ʐoŋ1,5
ʂăm1,5
ɲɛ̆ŋ4,5
ɲɤt6,5
ɲɤn5,5
ɲwɤ̆n2,5
n1,5
niem2,5
nɔn3,5
nɯk6,5
swit5,5
kwɤ4,5
ʐăw6,5
ʐɔj5,5
ʐɔ̆ŋ1,5
twek5,5
ʐɤ2,5
vaj3,5
ʐuŋ2,5
ʂɤ̆j4,5
ʂɔ̆t5,5
ʂat6,5
ʂɯɤŋ6,5
ʂup6,5
ʂit5,5
ʂut6,5
ʂɯw1,5
tiew3,5
tɔ̆p5,5
t'ɤ̆w1,5
t'ien4,5
t'ɯɤn3,5
twɛ5,5
ʈɤ̆j2,5
ʈɤ̆n1,5
u6,5
sɛw4,5
v1,5
sak6,5
săn5,5
siŋ1,5
sok6,5
ʂik1,4
nɤ̆j5,4
twɤ̆n5,4
ɔj4,4
ɣɤ̆m5,4
foŋ1,4
căw4,4
mot5,4
ze2,4
ɣɛm5,4
ɣɔj4,4
ɲăm2,4
kwit6,4
saj2,4
t'wa1,4
waj5,4
nɤ̆p5,4
lwat5,4
ɤ̆w4,4
ben1,4
χie5,4
săw6,4
hak6,4
baj4,4
cɔj2,4
năj3,4
caj4,4
kɛm3,4
twaj6,4
ʈon1,4
dɤ6,4
bɛ̆ŋ6,4
ʈum2,4
tiep6,4
foj4,4
ŋat5,4
dɤ̆w4,4
băm1,4
băm6,4
băn4,4
ɲɔm5,4
vaj6,4
ɲăŋ6,4
nat6,4
bɤ̆k5,4
bɛ6,4
bɤ̆w1,4
vɛw5,4
hwɛ6,4
zɛn1,4
bɛt6,4
bɛw1,4
bɛp6,4
bet5,4
fot5,4
bek6,4
bew6,4
ʐɤ6,4
lɤ̆n6,4
tɔ̆ŋ4,4
bit6,4
vik5,4
bɔ̆ŋ2,4
ʐa6,4
cwien2,4
năn6,4
ʂɯt5,4
ɲɤ̆m6,4
zɤ3,4
ʈɤ̆w5,4
boj4,4
bon2,4
bɤm2,4
cɛn2,4
ʐiw2,4
ŋwi2,4
bun4,4
buŋ1,4
buom2,4
buot5,4
t'ɔ̆ŋ3,4
χwe1,4
t'ew1,4
ɣim1,4
bɯɤj4,4
bɯɤŋ5,4
bɯɤw5,4
ŋoŋ3,4
lăp6,4
ʐik6,4
ʈɤn5,4
t'ăj4,4
ciŋ2,4
lwi5,4
mɯɤŋ1,4
ɲam5,4
nɔ̆k5,4
ʐɯɤ6,4
ʂɤ̆w5,4
ʈăm5,4
kwɛ̆ŋ3,4
kɯj4,4
nie1,4
ɲăw4,4
ʂɛ2,4
kăj5,4
kăk6,4
ɲăn2,4
zip5,4
kɤ̆k5,4
ʈik6,4
kɛw6,4
kwăk5,4
χien5,4
ca6,4
ʂan6,4
cuot5,4
nan4,4
ŋan5,4
cɛ̆ŋ6,4
nɔm1,4
căp5,4
fɤ̆j4,4
zɛp5,4
kieŋ2,4
cɤ̆n2,4
cɤj5,4
cuŋ2,4
nik5,4
dɤ̆j6,4
ɲăw6,4
cwak6,4
kip6,4
ʈɔ4,4
lie2,4
ʐuk6,4
ciw5,4
cɔ2,4
cɔ3,4
laj2,4
ŋɤp6,4
ŋɔ̆k5,4
lɛk5,4
cwɛn2,4
lwa2,4
hɔn4,4
lɯɤ6,4
com1,4
com2,4
con1,4
con5,4
coŋ4,4
ʐɯɤŋ2,4
cot5,4
vɤj1,4
te4,4
ɲwi4,4
măn5,4
naj1,4
ɣik1,4
nom1,4
cɯ5,4
doj3,4
kum6,4
ʐum5,4
nɤj5,4
ɣăm6,4
ɲɔm4,4
dɯɤ5,4
zɔn1,4
kok6,4
kom6,4
hwɤ̆n1,4
ʂa5,4
lɔj3,4
bɔj4,4
kɤj1,4
kɤn3,4
lit5,4
nɛw2,4
ŋwɛw5,4
mɛm2,4
ʐik5,4
vɔ6,4
kum2,4
num5,4
kun1,4
kwăŋ1,4
vaj5,4
kuoj5,4
kwɤ̆j6,4
vɤt5,4
ʂɤ̆n2,4
ɲɛ̆k5,4
t'ɔ̆ŋ2,4
zeŋ1,4
ɣăm1,4
făj1,4
zăw6,4
zɤ5,4
zɤn2,4
vwi2,4
ɲɤn2,4
ɣăm5,4
ziew3,4
vɤj6,4
zɔ̆k5,4
zɔj3,4
zɔm2,4
zɔ̆ŋ3,4
t'waj4,4
ŋwan6,4
zwi6,4
zin1,4
ʈwɤ̆n1,4
ʈɔ̆t5,4
dɤm4,4
tiew5,4
hăk6,4
ʐɯŋ1,4
dan4,4
dum1,4
ŋien5,4
dăt5,4
hoŋ1,4
dɤ̆n2,4
ʂɔ4,4
dɛt5,4
ɲɯŋ1,4
ʐɛ̆ŋ6,4
dɛw3,4
dɛt6,4
sie4,4
diem2,4
ʐo2,4
din1,4
hwɛt5,4
χɛ5,4
lɯŋ6,4
ɲɯ2,4
mɛw1,4
dɔm1,4
vɤ̆j5,4
naj6,4
dop6,4
dom5,4
hun1,4
t'wɤ4,4
dwi1,4
dum2,4
tum5,4
dun1,4
dut5,4
nut5,4
dɯ2,4
dɯɤm6,4
ɣăj3,4
hɛm2,4
ʈɔn1,4
ɛ2,4
ut5,4
uoŋ4,4
lw1,4
vo2,4
ɣj1,4
ɣɔn1,4
ɣan5,4
ɣɛp5,4
ɣan6,4
ɣăm2,4
ʐu5,4
ɣɤ̆p6,4
ɣeŋ2,4
ɲɔ̆ŋ4,4
ɣɛ5,4
tɤm4,4
nwan3,4
kwiet6,4
ʂu6,4
χwiw4,4
nen5,4
t'iek5,4
ʐuoj4,4
het6,4
χɛ3,4
ʂɛ3,4
zɯɤ3,4
ɣɔm1,4
ɣwa5,4
ɲɔn6,4
loj2,4
lɯɤm6,4
han5,4
hɛ̆ŋ3,4
hăj5,4
hăm1,4
hăm2,4
hăn2,4
him1,4
hɤ̆j1,4
hin1,4
hɛw5,4
nak6,4
hip5,4
swien5,4
hwɛ̆ŋ6,4
sɯɤk6,4
hɤ5,4
hɤ2,4
hwit5,4
vɯɤŋ6,4
ɤj5,4
iŋ1,4
nat1,4
nɛ5,4
kɛw4,4
um5,4
kek5,4
χa5,4
χaj4,4
χɛ̆ŋ4,4
χăw5,4
χăm5,4
χăŋ1,4
χɤ̆p5,4
χeŋ4,4
χɤ̆w1,4
lɛt6,4
χiem1,4
χit6,4
lɔj4,4
χoŋ5,4
χuo1,4
mɔ3,4
χwɤ̆j5,4
ʐăn1,4
ŋaj1,4
χɯ5,4
lup5,4
ʐuŋ6,4
lwaj2,4
tew5,4
kwa2,4
lɛw3,4
twat5,4
kwăw2,4
t'ăw2,4
ŋɔj1,4
ɲit5,4
lăŋ2,4
ɲăŋ4,4
ɲăŋ3,4
lwa5,4
lɔ̆ŋ6,4
ɲɤ̆w2,4
tɛ2,4
sɛŋ4,4
leŋ2,4
lien5,4
ɲiep5,4
lim1,4
ʂwat6,4
ɲwɛ2,4
ɲɔj1,4
ɲɔ̆ŋ1,4
ɲɔ̆ŋ5,4
t'ɔm4,4
ɲo1,4
t'ok5,4
mɯɤ4,4
lɤ6,4
naj5,4
kwɤ̆n5,4
lun3,4
fiŋ4,4
t'ɯɤt5,4
mie1,4
mj1,4
mɛ4,4
ʐwi4,4
ʂăn3,4
măn2,4
ɲiek5,4
mɤ̆m3,4
sɯŋ4,4
sɛw6,4
muŋ2,4
t'ɛn1,4
mɔj6,4
mɔk5,4
ʐuoŋ3,4
mɤj2,4
mɤn1,4
na2,4
nɛ̆k5,4
nit6,4
ni4,4
nan2,4
năw1,4
nuot6,4
ʈiw3,4
ŋaj5,4
ŋɤ̆m4,4
ŋăj5,4
ŋɤ̆p5,4
ŋe1,4
ʐăm1,4
ŋwăk5,4
t'ɔ4,4
ŋoŋ1,4
ŋwien2,4
vɯŋ6,4
ʈɔ6,4
ɲaj3,4
ɲɤ4,4
ɲɛ̆ŋ3,4
ɲăj6,4
ɲwa2,4
ɲɔ̆t5,4
ɲăm1,4
ɲum5,4
ɲɛn1,4
ɲwɛn4,4
ɲɔm2,4
ɲoj2,4
twɛt6,4
voj6,4
on2,4
făŋ1,4
ʐom1,4
fɤj5,4
fɔ1,4
fon2,4
vieŋ5,4
kwɛw5,4
kwăn2,4
ʐum1,4
ʐaj4,4
ʐan2,4
ʐat6,4
ʐɛ̆ŋ4,4
ʐăj5,4
ʐăp5,4
ʐi3,4
ʐɤ̆t5,4
ʐuŋ5,4
ʐen2,4
ʐuoŋ2,4
tie4,4
ʂăn5,4
ʂɤ̆p6,4
ʂot6,4
ʂun1,4
t'ăw6,4
tuon2,4
t'uŋ4,4
t'o5,4
t'wɛ̆ŋ4,4
vɛn5,4
văj1,4
ʈam4,4
văn5,4
swɛ1,4
tuot5,4
vɤ̆n3,4
tɯŋ2,4
un2,4
ɯɤ1,4
vj1,4
vi4,4
văk6,4
vɛw6,4
văŋ2,4
vɤ̆j3,4
săk5,4
săŋ2,4
sek5,4
sop5,4
sum5,4
sun1,4
iem4,4
fɛn1,3
san1,3
sj1,3
nik1,3
uj1,3
ak1,3
ip1,3
nak5,3
ɔ̆t1,3
cwɛ̆ŋ2,3
nɤ̆w6,3
t'uŋ6,3
soŋ5,3
fik5,3
ăp5,3
ɣɤj4,3
χɤp5,3
ɣɤ̆k5,3
ɲɤ̆w6,3
χwɛt5,3
ʈok5,3
soj4,3
ăt5,3
siw2,3
ɯk6,3
nup5,3
iw1,3
ɣak6,3
ʐɔj6,3
tɔŋ1,3
fɯɤk5,3
fek5,3
lap6,3
saj5,3
miew1,3
mɯɤŋ2,3
nɤ̆m6,3
nɯɤŋ5,3
biem5,3
tɤj2,3
bɔŋ1,3
buj1,3
ɲăŋ5,3
dwi2,3
cɤt6,3
nɛ1,3
bɤ̆m2,3
bɤ̆m6,3
biw5,3
bɤ̆p5,3
χam1,3
liŋ2,3
biŋ3,3
bɤ̆j3,3
cɤ̆j2,3
bɛn2,3
mup5,3
bet6,3
dɤ̆j5,3
t'ɯ6,3
t'an4,3
sit6,3
biw2,3
ʂiet5,3
mɯɤ5,3
ŋɔ4,3
sɯ2,3
nɛt6,3
vɯŋ2,3
bwa1,3
mɔ̆t5,3
ʐo4,3
bɔ̆ŋ6,3
bik1,3
ŋɛt6,3
bɔ̆t5,3
tat6,3
vat6,3
twek6,3
ʈɛt5,3
bon4,3
ɣɔn2,3
fɛŋ2,3
t'uo2,3
boŋ5,3
bop6,3
bot5,3
ŋɤ3,3
sɤm2,3
bɤn3,3
sɤ5,3
χu5,3
lɔŋ1,3
bu5,3
mɤm5,3
bu6,3
buo4,3
buk6,3
bwi5,3
ʐun4,3
sin4,3
mɛt6,3
ʐɯɤj2,3
t'iw1,3
bup5,3
bɯ6,3
fɯɤ5,3
bɯŋ2,3
ŋwăt6,3
bɯɤn1,3
bɯɤw1,3
bɯt5,3
kum4,3
χew1,3
mɛŋ2,3
mɛn2,3
nieŋ3,3
ʐa5,3
ʐɔn2,3
mu5,3
lɛp6,3
lɤn2,3
ɲɤ̆m1,3
ɲɛt5,3
nuk6,3
ʂop6,3
cun1,3
ɲaj2,3
t'uŋ3,3
hɤ̆w4,3
ʐăw4,3
kiŋ4,3
kăj6,3
kăm6,3
hen5,3
kɤ̆ŋ1,3
kɤ̆w6,3
cam2,3
fɛ2,3
vɛ̆ŋ6,3
căw3,3
ʐɯɤ3,3
ɣăn2,3
ciek5,3
căn3,3
cit6,3
vɤ̆p6,3
ʐaj3,3
ʐet5,3
hɤ̆ŋ4,3
cɤ̆w3,3
ʐie2,3
cɤ̆j1,3
zew3,3
cen6,3
eŋ2,3
ŋap5,3
ŋɔm5,3
ʐɤ̆p5,3
moj3,3
cie3,3
cien2,3
muoŋ1,3
iŋ2,3
ciŋ3,3
dɯŋ6,3
cwaj1,3
cwăt5,3
cɔj1,3
lɔj6,3
cɔm4,3
cɔn1,3
cɔ̆ŋ1,3
vɔ̆t5,3
hom4,3
ŋoŋ2,3
cot6,3
χăm1,3
lɔm2,3
cum1,3
cum5,3
cun3,3
cut6,3
cuoŋ1,3
zɯt6,3
km1,3
ʐɔ2,3
ʐɔm5,3
sɯɤk5,3
kɔj2,3
kɔ̆ŋ2,3
kɔ̆ŋ5,3
kɔ̆t5,3
hu3,3
kom2,3
kop5,3
mik6,3
kum5,3
kwaj4,3
kɯ3,3
nɛw4,3
kwɛw2,3
χi2,3
kɯw3,3
zip6,3
duon2,3
t'ɯɤn2,3
zam6,3
kwăm5,3
zăj1,3
kop6,3
zăn1,3
zum5,3
zɛw6,3
zɤ̆ŋ1,3
ʐaj5,3
muoŋ5,3
zɔj6,3
zɯɤŋ5,3
ɲɤ6,3
ʂɛn4,3
zɛt6,3
kwɛw6,3
ɤt6,3
zwi3,3
ʈwi3,3
zet6,3
te3,3
ziep5,3
ziew2,3
zɔm1,3
zɔ4,3
zw1,3
zoŋ2,3
zuok5,3
zɤj1,3
ɛt6,3
mɔn5,3
zɯɤ6,3
zɯŋ4,3
ɣa4,3
diew4,3
dɤt5,3
ɣuk6,3
ʐăm5,3
dăm2,3
dɤ̆n3,3
t'ɔ5,3
tɤ̆w2,3
dɤ̆j3,3
dɛm1,3
lɔ5,3
dwɛ̆ŋ2,3
χuŋ2,3
χɛ2,3
ŋɤ̆w2,3
kwɛ̆k6,3
dɔ6,3
dɔm4,3
ʐɯɤk5,3
dɔ̆ŋ4,3
lot5,3
doŋ5,3
ŋot6,3
dɤm1,3
zɤn3,3
duŋ4,3
ʂam1,3
ʐăj1,3
swăj5,3
ɛk5,3
ɛw5,3
ɛw6,3
ɛt5,3
eŋ3,3
ie1,3
ɛp1,3
ɣɛ6,3
ɣa6,3
ʂen1,3
ɣɛ̆ŋ2,3
ɣoŋ2,3
t'ɛt5,3
ɣăw5,3
ɣăj2,3
ɣɛ2,3
ɣo4,3
ɣăt6,3
ɣu2,3
ɣɤ̆w3,3
ɣɤ̆j3,3
hɔm1,3
χɔm6,3
χu6,3
ŋɔ̆ŋ6,3
χwɤ̆j1,3
zuo6,3
mwi1,3
mɔj1,3
zn2,3
kom1,3
ɣit1,3
ɣo2,3
ɣoj6,3
ɣɤ4,3
ɣɯŋ2,3
tăn2,3
he1,3
hɯɤk5,3
ʂăw4,3
ham5,3
han1,3
hɛm4,3
hɛ̆ŋ5,3
hen4,3
hăw3,3
hap6,3
hɤ̆ŋ3,3
hɤ̆t5,3
lon5,3
t'wɤ̆n3,3
hɛk5,3
heŋ1,3
t'iem1,3
hup6,3
hwăj5,3
hɔ5,3
lɔm5,3
vɛt6,3
sieŋ4,3
hɔ̆t5,3
hɤj4,3
t'i4,3
hon4,3
kwɛt6,3
hɤj2,3
hɤj3,3
hu2,3
hwe1,3
hwi2,3
hun4,3
hwien3,3
ŋan6,3
nok5,3
in4,3
it6,3
wɛ̆ŋ2,3
iw4,3
un1,3
kɛ5,3
kɛm1,3
kɛw3,3
ken1,3
ken2,3
kiew6,3
sɛ̆ŋ5,3
tuo4,3
χa1,3
χɯɤ5,3
χam4,3
χiŋ4,3
χɤ̆n5,3
χɛm1,3
χɯ1,3
nɛp5,3
lɛn2,3
mew5,3
χwɛ1,3
χwɛw1,3
χwɛw2,3
χum5,3
χwien4,3
χɯɤk5,3
kwăk6,3
kien2,3
ʈɤ̆p6,3
kiw3,3
ɔ5,3
lɤ̆w4,3
lɔ̆ŋ3,3
nuŋ3,3
ɲam4,3
sɛt6,3
lieŋ5,3
ɲăj1,3
făn1,3
ŋup6,3
lăŋ3,3
săp5,3
lăt6,3
lɤ̆t5,3
lɤ̆j4,3
lɛm4,3
lɛn5,3
let6,3
loŋ4,3
lie6,3
lik5,3
liem2,3
lieŋ4,3
lum1,3
ɲiw5,3
tiw5,3
lo4,3
lwɛ1,3
lɔ̆p5,3
mo3,3
ɲo5,3
lom1,3
ɲom1,3
kwăm6,3
lop6,3
ŋɤ5,3
foŋ4,3
ɲu5,3
swi2,3
mun4,3
fun5,3
lun6,3
vun6,3
luŋ3,3
luom6,3
luoŋ5,3
sup5,3
lup6,3
sup6,3
t'ɯ2,3
ŋwit5,3
mie4,3
mɛt1,3
ɲen6,3
soj5,3
măj4,3
nem1,3
măn4,3
t'ăn5,3
na6,3
moŋ5,3
mɤ̆n1,3
ɲwe6,3
mɤ̆p5,3
mɤ̆w1,3
meŋ1,3
mien6,3
mɔm5,3
fin1,3
tip5,3
moŋ2,3
vaj2,3
muot5,3
tɤ̆w1,3
van2,3
ʐɤn1,3
mɯɤt6,3
na5,3
naj4,3
năw6,3
nem5,3
nɤ̆k5,3
new5,3
ŋon5,3
ŋɛ̆k5,3
ŋwaj4,3
ŋɯɤ2,3
tun1,3
ŋɛw3,3
ŋɛn5,3
nɔ5,3
ŋek6,3
ŋut5,3
ŋwăj5,3
ŋɤm6,3
ŋien2,3
ŋwăt5,3
ŋwɛ̆ŋ4,3
sɤt5,3
ŋo4,3
ŋok5,3
ŋu2,3
ŋuk5,3
ŋuŋ5,3
ɲăn6,3
ɲam2,3
ɲăw3,3
ɲwɛt5,3
ɲwɛt6,3
ɲwi6,3
ɲɤ̆m2,3
ɲɤ̆n5,3
ɲom4,3
ɲɤ̆j4,3
ɲuok5,3
ɲwɛ1,3
ɲɔj5,3
ɲɔn5,3
ɲɔ̆ŋ3,3
ɲɔ̆t6,3
ɲot6,3
ɲɤn1,3
niew6,3
niw5,3
nɔ4,3
cwɛt6,3
nuoj5,3
nɯɤ5,3
wa1,3
wăn2,3
ɔ̆k6,3
ɛn4,3
ʈuoŋ2,3
fa2,3
fwi1,3
fit1,3
făm1,3
few2,3
ʈwɤ̆t5,3
fiŋ5,3
ʈɛ̆k6,3
ɯ1,3
kwak6,3
kwăw6,3
kwăj2,3
kwăn6,3
kwăt6,3
kwɤ̆j2,3
kwet6,3
ʐien1,3
ʐam1,3
ʐɔ̆t6,3
ʐiet5,3
ʈɔj6,3
ʐăn2,3
ʐɤn2,3
ʐɤ̆j4,3
ʐɛn5,3
ʐe2,3
ʐew6,3
ʐw1,3
ʐiŋ1,3
ʐɔ5,3
ʐɔ̆k5,3
ʐɔ̆k6,3
ʐok6,3
ʂa4,3
ʂa2,3
ʂam2,3
ʂɤ3,3
ʂuo4,3
ʂɛw1,3
ʂeŋ1,3
ʂeŋ4,3
ʂiŋ5,3
ʂit6,3
ʂon2,3
ʈɯɤ1,3
ʂɤn4,3
ʂuŋ4,3
ʂup5,3
ʂwit5,3
ʂɯŋ4,3
ta3,3
tj1,3
tɛw6,3
t'wi6,3
t'ɛ̆ŋ4,3
t'ăm4,3
t'wăt5,3
t'ik6,3
t'eŋ1,3
t'ɔj2,3
t'ɔ̆ŋ1,3
t'ut5,3
twăj5,3
tɤn4,3
s1,3
tiem5,3
uŋ4,3
tiew2,3
tiw1,3
tɔm2,3
toj2,3
ʈ1,3
ʈɤ5,3
ʈɤ̆m1,3
ʈɔn6,3
ʈɤ2,3
twɤ̆n1,3
twɤ̆n3,3
tum6,3
tɯɤj5,3
wɤ̆n4,3
uk6,3
ɯɤn1,3
vɤ̆p5,3
vam1,3
vw1,3
văj2,3
vɛw2,3
vɛw4,3
vɤ̆ŋ2,3
vɤ̆j4,3
vt1,3
vɔm2,3
vut6,3
vɯɤ3,3
sɤ̆p6,3
se6,3
sɤ̆w1,3
sat1,3
siem4,3
sum1,3
som1,3
suo1,3
swe1,3
suŋ5,3
mip5,2
ʈo1,2
fien6,2
a6,2
iek1,2
cuom1,2
at6,2
ɲoŋ6,2
ăj5,2
ăm3,2
uoŋ5,2
ăŋ4,2
a3,2
i3,2
wɛ6,2
deŋ1,2
cwɛ2,2
tam2,2
fan2,2
bat1,2
fim5,2
ʐun2,2
ɲɛ̆ŋ6,2
tɛt5,2
ɣom2,2
bɛm1,2
bɛt1,2
văm2,2
băm2,2
băŋ3,2
bɤ5,2
bɤ̆m3,2
t'iw4,2
bɤ̆ŋ1,2
kwɤ1,2
ŋi2,2
mi5,2
bɤ̆w6,2
χuk6,2
bɛ3,2
bɛk5,2
bɛm4,2
bɛŋ5,2
bɛw4,2
bɛp5,2
be3,2
ziew5,2
bew2,2
dat5,2
ʂi6,2
bi3,2
bie6,2
bot1,2
biek5,2
biew5,2
ʐin6,2
biŋ4,2
biŋ5,2
zim5,2
ʐuo2,2
nm1,2
bɔn6,2
kep5,2
cɯŋ4,2
zɯɤŋ6,2
ʂɤ̆w6,2
con2,2
cop6,2
t'ɯɤ4,2
ʂaj4,2
bɤm1,2
bɤt6,2
bj1,2
tɔ5,2
ɲun4,2
sɔ̆ŋ3,2
bɯ5,2
bɯɤ5,2
χie6,2
ʐɤn3,2
kɯɤk6,2
ziek5,2
zek5,2
hɛn4,2
ŋɯ2,2
ʂăt6,2
t'ɛn2,2
t'ɤn2,2
ʈe1,2
ka6,2
kak6,2
ʂɔŋ1,2
sɔŋ1,2
ʐup6,2
kip1,2
kam6,2
kew2,2
ŋew2,2
kot1,2
kăn4,2
ɲăn4,2
ʈăt5,2
nɔj1,2
voŋ2,2
ʐɔm1,2
cɤt5,2
cak6,2
cɯɤŋ2,2
hɛ̆ŋ4,2
căw6,2
cat6,2
văj6,2
mɤ̆m4,2
băm4,2
băp6,2
căp6,2
căm6,2
căn2,2
ciw1,2
cɛ3,2
zoj1,2
făj4,2
cwa5,2
cɯɤŋ3,2
ɔ̆ŋ4,2
cek5,2
cek6,2
cem3,2
ce6,2
ceŋ2,2
ceŋ5,2
dieŋ5,2
zj5,2
ʂɤt5,2
ciep5,2
cieŋ2,2
ciew4,2
ŋim4,2
cin4,2
muoj2,2
c1,2
cwɛ̆ŋ4,2
hwɛn4,2
cɔj4,2
cɔm3,2
cɔn4,2
cɔ̆ŋ3,2
coj2,2
ʐe5,2
ʐon5,2
ɲɤj4,2
cɤm4,2
cɤm2,2
cɤn6,2
vɤn2,2
cɤp6,2
ŋwɛt5,2
cwi2,2
cum3,2
cuoj1,2
cuoj3,2
cuoj6,2
ɲăt5,2
kn1,2
kwăp5,2
kit1,2
kɔm6,2
ʈot5,2
tɤn5,2
kɔ̆ŋ3,2
kɔ̆ŋ6,2
kɔk5,2
kɔ̆t6,2
kon4,2
ʐɛ̆ŋ3,2
muoŋ2,2
kɤj4,2
kɯɤm2,2
ɣi2,2
ɔ̆p5,2
kup5,2
kup6,2
kun3,2
kwăj4,2
kuŋ6,2
kit5,2
ŋun4,2
kɯɤ5,2
kɯŋ1,2
kɔj4,2
ʂăŋ2,2
tum4,2
zăŋ4,2
ŋwăŋ2,2
zum6,2
ɲip5,2
zăm2,2
zit6,2
zăŋ6,2
zăn4,2
zɯ5,2
foŋ6,2
zɤ̆w3,2
zɤ6,2
zɔm4,2
hɤm2,2
ziek6,2
ziem2,2
zɔ6,2
zwa1,2
zwa5,2
zɔj1,2
zɔj2,2
zak6,2
zo2,2
zop6,2
zɔj5,2
zɤ̆n4,2
zɤn1,2
zum1,2
zwi4,2
zun5,2
zuok6,2
zut5,2
zɯɤ5,2
zɯk5,2
zɯɤt6,2
lan3,2
dam1,2
dum5,2
ɣăj4,2
ʂen5,2
dăm6,2
dăŋ3,2
mɤ̆w4,2
tew1,2
dăn6,2
ɲɛm4,2
ʈwi2,2
dɛn6,2
hwe2,2
de3,2
hɛ6,2
mɛn5,2
ʐep6,2
diŋ3,2
dit6,2
diw2,2
diw6,2
ɯŋ4,2
dwa5,2
dɔn1,2
sɛw1,2
ʂo6,2
ʐiet6,2
f1,2
dom2,2
dɤ1,2
t'uo4,2
dɤn4,2
du6,2
dun2,2
dup6,2
dɯ5,2
dɯŋ2,2
dɯɤn2,2
dɯɤn3,2
ɣɔŋ2,2
fen1,2
ɛ5,2
ɛ6,2
ɛm5,2
ɲɛm6,2
ɛŋ1,2
ɛw4,2
ɛp6,2
e2,2
e5,2
twie1,2
uo1,2
kwɛ5,2
ɣa5,2
ɣaj3,2
ɣam1,2
ɣăw1,2
ŋwam6,2
ɣuok6,2
ɣɤ1,2
ɣɯ2,2
ɣɤ̆m6,2
ɣɯɤŋ3,2
ɣɤ̆j5,2
ɣok6,2
ɣp1,2
lɯɤn2,2
tuoŋ1,2
nɛw5,2
ɲɤj2,2
nop6,2
zu3,2
zɛm2,2
t'ɤj1,2
luo2,2
nom2,2
ʐum6,2
zoj4,2
zp5,2
ɣom1,2
buo6,2
ɲɔ̆p5,2
ɣon1,2
ɣop6,2
ɣot6,2
ɣɤn6,2
ɣu1,2
ɣuoŋ2,2
ʐăm2,2
han3,2
hɔj2,2
hɤ̆p6,2
hɯ5,2
hɤ̆n1,2
hɛm1,2
hiŋ3,2
hɤ̆j4,2
hɛ5,2
hj1,2
hit1,2
ʂwien3,2
hɛw4,2
hik1,2
hek5,2
hek6,2
heŋ4,2
hɤn4,2
hie1,2
huo1,2
hieŋ5,2
nom6,2
hiŋ4,2
ʂɤ̆j6,2
kwien6,2
hwɛ̆ŋ5,2
hwăm5,2
lɔm4,2
hɔ̆p5,2
hɔm5,2
hɔ̆ŋ1,2
hoŋ5,2
hɯŋ3,2
hɤp5,2
hu1,2
hu6,2
huo2,2
hun2,2
hɯ6,2
hɯŋ2,2
hɯɤm2,2
zɯk6,2
i6,2
ie4,2
im4,2
t'in1,2
ut1,2
le4,2
kɤm6,2
kem2,2
keŋ6,2
χan2,2
χan4,2
χɛ̆ŋ6,2
χɛ̆ŋ2,2
χăj5,2
χăk6,2
lăm2,2
lăm6,2
χăn4,2
kwa6,2
χăŋ2,2
χăp5,2
χăt5,2
χɤ̆k5,2
liem6,2
χɤ̆p6,2
χieŋ3,2
χɯɤŋ3,2
χɛp5,2
χeŋ1,2
χeŋ6,2
χew2,2
χieŋ1,2
nɯɤ1,2
ʈuŋ6,2
χwăj5,2
χwăm2,2
χwăm6,2
χwăŋ5,2
χɔj4,2
χɔm1,2
χɔm2,2
χɤ1,2
χɤ5,2
χăw6,2
χwɤ̆n1,2
χum1,2
χwiŋ2,2
χɯŋ6,2
χɯɤt5,2
voŋ5,2
kieŋ4,2
kiew5,2
kin2,2
cɛ̆k5,2
tɛ̆k6,2
sɛ̆k6,2
ɲaj4,2
lan5,2
vɛ̆ŋ4,2
lɛn6,2
lăj4,2
lɯ1,2
lăn2,2
lwan2,2
ɲɤ̆m4,2
lɯɤ3,2
lɤ̆ŋ1,2
ɲɤ̆w1,2
ʐɤ̆j1,2
lɤ̆j6,2
lɛ5,2
lɛm2,2
lɛm6,2
lɛŋ4,2
tɛw2,2
ɲɛw5,2
lɛw6,2
me3,2
ʂɤj4,2
liek5,2
t'wăŋ5,2
lim6,2
liw1,2
kwiw5,2
liw6,2
ʐit1,2
ʂɯɤj4,2
swa3,2
swɛ̆ŋ4,2
lwɛ̆ŋ6,2
swăn1,2
sɔ̆k6,2
lwɛt6,2
lɔm6,2
lɔn2,2
ŋɔ̆p5,2
ɲok5,2
ŋok6,2
lom2,2
lon4,2
ŋon4,2
ɲon5,2
son6,2
kwɤ5,2
lɤm2,2
tɤn1,2
lɤp6,2
lɤt5,2
lɤt6,2
χu4,2
ʂa6,2
lum5,2
lun5,2
lieŋ1,2
t'uom6,2
luoŋ1,2
luot5,2
dɯ4,2
lɯɤ1,2
χɯŋ2,2
lɯɤm1,2
lɯɤm2,2
nip5,2
cɯɤk6,2
miet5,2
mut1,2
mat1,2
muŋ1,2
mip1,2
măw3,2
mik1,2
ʐɤj6,2
ʐiew1,2
ʂɯɤ5,2
map6,2
mɤ̆n5,2
mɤ̆j2,2
mɛk5,2
mun1,2
men2,2
ɲwaj2,2
miew2,2
mm1,2
mim4,2
mim5,2
muoj3,2
min6,2
sew2,2
mɔ̆ŋ6,2
mɔ̆p5,2
mɤn4,2
mɤn5,2
mu1,2
muk5,2
mun2,2
muŋ4,2
ŋɤ̆w1,2
fun2,2
ʐɯɤj1,2
nɛ̆ŋ5,2
nw1,2
nap5,2
nɔm4,2
ŋwaj5,2
năp5,2
nɤ̆n2,2
nɤ̆n3,2
niw1,2
ʂoŋ2,2
nɤ̆w3,2
ŋaj2,2
ŋaj4,2
ŋaj3,2
ŋuŋ2,2
ŋan1,2
ŋɛ̆ŋ3,2
op6,2
ʐăj2,2
ŋɯ5,2
ŋăŋ4,2
ŋɛw6,2
viŋ6,2
ŋew4,2
ŋɯɤŋ4,2
siw4,2
ŋɤ̆t6,2
ŋɤ̆w6,2
ŋɤ̆j2,2
ŋɤ̆j5,2
ŋɛn3,2
ŋe4,2
ŋek5,2
ŋwa3,2
ŋwak5,2
ŋwak6,2
ŋwăw5,2
ŋwɛw2,2
ŋwɛw6,2
ŋwɛn4,2
ŋiw6,2
ŋo3,2
ŋo5,2
ŋon6,2
ŋɤ6,2
ŋɤj2,2
swɤ̆n4,2
ŋuoj1,2
dan5,2
ŋɯw1,2
ʈet6,2
ɲa5,2
ɲaj6,2
ɲɛn6,2
tɯŋ4,2
so4,2
ɲăm6,2
ɲɤ̆n4,2
ɲɯ5,2
ɲɤ̆j3,2
ɲɛ4,2
ɲek5,2
ɲi4,2
ɲik5,2
ɲiŋ4,2
ɲiw6,2
ɲwăj5,2
ɲon1,2
ɲot5,2
ɲɤm1,2
ɲɤn3,2
ɲuŋ5,2
ɲuom5,2
ɲuom6,2
ɲut5,2
ɲɯt5,2
nɔ3,2
ʂɔj3,2
ʂuoŋ1,2
sam2,2
nɯɤŋ2,2
noŋ5,2
nɤ3,2
nɤm1,2
niw6,2
niŋ5,2
nuoŋ1,2
ʈoŋ6,2
nɯŋ6,2
ʈuŋ3,2
ɔ̆t5,2
wɛ̆k6,2
waj4,2
wăt5,2
wɛ4,2
ɔ̆p6,2
ɔm4,2
ok6,2
ʐăm6,2
om2,2
oŋ4,2
feŋ6,2
ɤn5,2
fɛ̆k6,2
fɛ̆ŋ4,2
fɛ̆ŋ2,2
făk5,2
făt5,2
fɤ̆p5,2
fɤ̆j1,2
fe6,2
fet5,2
few3,2
fi6,2
fie2,2
fie5,2
fik6,2
twaj5,2
ziew1,2
fiw6,2
fɔ̆k5,2
fat1,2
fj1,2
fɔn1,2
fop5,2
fɤn4,2
fu3,2
fwi4,2
fut6,2
fuŋ1,2
kwak5,2
kwɛ̆k5,2
kwaj6,2
kwăn1,2
kwăŋ6,2
ʂɔk5,2
vɤt6,2
kwɤ̆ŋ2,2
kwɤ̆ŋ4,2
kwɤ̆j1,2
kwɤ̆j4,2
kweŋ2,2
kwet5,2
kwin1,2
kwɤ2,2
kwiŋ2,2
ʐɤ̆m3,2
ʐɯɤj4,2
ʐɯɤj5,2
ʐɛ̆k6,2
ʐɔj2,2
ʐɛ̆ŋ5,2
ʐap6,2
ʂăŋ5,2
ʐɤ̆m5,2
ʐɤ̆t6,2
ʐɤ̆n1,2
ʐɤ̆n5,2
ʐɤ̆n2,2
ʐɤ̆n6,2
ʐeŋ2,2
ʐie1,2
ʐɛ2,2
ʐɛw4,2
ʐɛw5,2
ʐek5,2
ʐi5,2
ʐie4,2
ʐɔ̆ŋ5,2
ʐɛt1,2
ʐwɛn1,2
ʐɔj3,2
ʐɔn5,2
ʐo3,2
ʐok5,2
ʐj1,2
ʐɤ5,2
ʐɤm5,2
ʐɤm2,2
ʐɤp6,2
ʐum2,2
ʐun5,2
ʐuŋ4,2
ʐuok5,2
ʐut6,2
ʐɯɤ5,2
ʐɯk5,2
ʐɯɤm2,2
ʐɯɤt6,2
ʂa3,2
ʂaj5,2
ʂɔj4,2
ʂăw6,2
ʂɯɤ1,2
ʂăŋ1,2
ʂɤ̆m4,2
ʂɤ̆m3,2
ʂɤ̆n5,2
ʂɤ̆j1,2
ʂɛw6,2
ʂe6,2
ʂen2,2
ʂew1,2
ʂɔ̆p1,2
ʂie4,2
ʂieŋ1,2
ʂiŋ2,2
ʂɔ2,2
ʂɔ̆k6,2
mɔj5,2
ʂɔn2,2
ʂɔ̆ŋ3,2
ʂwaj2,2
ʂo3,2
ʂoŋ4,2
ʂɤn2,2
ʂu5,2
ʂum2,2
ʂuŋ3,2
ʂuon1,2
ʂɯk6,2
vew2,2
vew5,2
vu2,2
ʂɯɤt5,2
vin6,2
tɤ̆n4,2
tɔ̆ŋ6,2
tt1,2
tɛk5,2
tip1,2
tɛm2,2
tɛm5,2
tɛn3,2
tit1,2
tɛw4,2
tek5,2
t'ăj2,2
t'ăk5,2
duot6,2
t'ɯŋ2,2
t'ɤ̆n3,2
t'ew4,2
t'ɛ5,2
t'ɛ2,2
t'uoŋ2,2
t'em2,2
t'et5,2
t'ɔm2,2
t'on5,2
t'ɔ1,2
t'wan5,2
t'o2,2
ɲɯɤŋ3,2
t'ɤ5,2
t'um1,2
t'um4,2
t'up6,2
t'uon3,2
twɤ̆t5,2
tɔj2,2
twa5,2
tɔ̆k6,2
twɛn1,2
tɔm1,2
tɔm3,2
tɔ̆p1,2
tɔ̆p6,2
toŋ2,2
top5,2
tɤ4,2
ʈɔm1,2
ʈe2,2
ʈăw4,2
ʈat6,2
ʈăk6,2
ʈăm2,2
ʈo2,2
ʈăn1,2
ʈăn2,2
hew5,2
ʈɛw4,2
ʈɤ̆m3,2
ʈɤ̆m6,2
ʈɤ̆j1,2
ʈɤ̆j4,2
ʈɛm2,2
ʈɛn3,2
ʈɛw6,2
ʈew6,2
ʈie4,2
ʈien2,2
ʈieŋ2,2
ʈit6,2
ʈiw2,2
ʈo5,2
ʈo6,2
tweŋ2,2
ʈɤt6,2
ʈɯ5,2
ʈɯw2,2
tum3,2
tuok5,2
tut6,2
tɯɤk6,2
tɯɤt5,2
uŋ2,2
wik6,2
ɯɤm1,2
ɯɤn3,2
ɯɤp5,2
suom6,2
ven6,2
văŋ4,2
vɤ̆ŋ1,2
vɯɤŋ4,2
vɛ5,2
vɛk5,2
vɛk6,2
ven1,2
văw5,2
vew1,2
vie4,2
vɔ̆k6,2
vɔn2,2
vɔ̆p6,2
vuŋ3,2
vɯɤ6,2
vɯɤn1,2
sam1,2
san5,2
sap5,2
săm5,2
sɤ̆m2,2
sɤ̆p5,2
siŋ2,2
swɛ2,2
sɔ6,2
sep6,2
seŋ2,2
sn1,2
so2,2
suk6,2
swak6,2
swaj4,2
sɤ4,2
swɛt5,2
swɛt6,2
som2,2
son1,2
son2,2
son5,2
soŋ4,2
sot5,2
sɤj4,2
su5,2
swi6,2
suŋ4,2
siŋ5,2
zuo1,1
uom1,1
cik1,1
hɔ̆k1,1
ɛ̆k1,1
am4,1
năj5,1
ɔk5,1
ăm1,1
ʐɤ4,1
ɤ̆m3,1
wɛ5,1
ɤ̆p6,1
ɤ̆t5,1
ɤ̆w2,1
ɤ̆w6,1
ɤ̆j4,1
ʐɛm1,1
bɛw3,1
dien5,1
tuok6,1
hwaj4,1
bit1,1
d5,1
băn1,1
χwăn1,1
băn2,1
băn6,1
băŋ5,1
băŋ6,1
nɔn6,1
bap6,1
biw6,1
χwɤ̆ŋ1,1
bɤ̆ŋ5,1
hɤ̆j2,1
bk1,1
bɛn3,1
lɛn3,1
bɛn6,1
bɛw6,1
ti3,1
ben4,1
ben6,1
ʐiew5,1
ʐek6,1
ɯ4,1
bim5,1
bin6,1
biŋ6,1
bip5,1
bet1,1
but1,1
bum1,1
biw3,1
bɔ̆k1,1
bɔm4,1
bɔŋ5,1
bo3,1
boŋ6,1
bɤ3,1
sɤm1,1
bɤn6,1
bɤp5,1
bɤp6,1
bu4,1
ɲwi2,1
bum2,1
bum6,1
ɲuŋ6,1
buot6,1
bɯɤ4,1
bɯɤ6,1
bɯŋ4,1
bɯŋ5,1
bɯŋ6,1
bɯɤj1,1
bɯɤŋ1,1
bɯɤp5,1
bɯt6,1
bɯw4,1
hwe5,1
kew5,1
cɛŋ4,1
dɛ5,1
ŋăw3,1
ɲu6,1
t'at5,1
uk5,1
ven2,1
vɯɤk6,1
ŋew6,1
ɲɔ̆ŋ2,1
sɛ2,1
kăm2,1
kăt6,1
kk1,1
caj5,1
can6,1
cɔ̆t6,1
nik6,1
căk6,1
băm3,1
căm5,1
căŋ6,1
cie6,1
cɤ̆k6,1
cɤ̆m4,1
cɤ̆n6,1
cɤ̆ŋ1,1
cɛŋ1,1
coj6,1
hɤ̆w3,1
cɤ̆w4,1
cɤ̆j5,1
bom2,1
cɛ5,1
cɛm2,1
cɛn3,1
cɛn6,1
cɛw6,1
cɛw4,1
cem1,1
ceŋ4,1
ceŋ3,1
ceŋ6,1
cien6,1
mɔm2,1
cip5,1
cat1,1
hɔ4,1
cwa1,1
cwaj2,1
cwaj3,1
cwaj5,1
cwaj6,1
cwan5,1
cwak5,1
cwɛ1,1
cwɛn1,1
cɔ̆p6,1
cɔŋ2,1
co6,1
ʂe4,1
se4,1
coj3,1
cie4,1
com3,1
con6,1
nɛ6,1
cop5,1
cɤm1,1
cɤm5,1
cɤn1,1
cɤn5,1
cɔm1,1
lwɛn1,1
cuk6,1
cwek6,1
cweŋ5,1
cweŋ6,1
ɲum1,1
cim5,1
cum6,1
cun4,1
cin3,1
cuok5,1
cuoj2,1
co2,1
cu2,1
cwi3,1
cwien5,1
cɯɤ2,1
buom6,1
cɯn1,1
cɯŋ6,1
cɯɤm2,1
cɯɤp6,1
cn1,1
fan1,1
kɔj5,1
kɔm4,1
ʐɔm4,1
kɔm5,1
kɔn5,1
l5,1
kɔn4,1
kɔn6,1
kɤn5,1
kak1,1
kɔ̆p6,1
kɔ̆t1,1
koj4,1
hɯɤn1,1
kon5,1
kon6,1
sɛk5,1
sɔk5,1
kɤj2,1
kɤj3,1
kɤm5,1
kɤp6,1
kɤt5,1
kep1,1
ʐwa1,1
cɔ4,1
zie2,1
kun5,1
kuom3,1
kuon2,1
kuoŋ1,1
kuoŋ6,1
nɯ6,1
kɯk5,1
χɤ̆j4,1
kɯw1,1
ziet5,1
zɯɤj6,1
ŋwăŋ3,1
zam2,1
zăj4,1
lwin1,1
zɤ̆w4,1
biw4,1
zɛm5,1
zɛn2,1
zuoj1,1
ze6,1
zek6,1
zen6,1
zi5,1
zie3,1
zăk1,1
zik5,1
zăk5,1
zuo5,1
hɤ̆w1,1
zim2,1
zin3,1
ziŋ3,1
ɲiw4,1
zwaj3,1
zwɛ̆ŋ3,1
zwɛ̆ŋ6,1
zwɛ̆ŋ2,1
zɔm5,1
zɔ̆p6,1
zom4,1
zok6,1
zoŋ6,1
zăj5,1
ɛk6,1
zɤm6,1
zɤn5,1
zɤn6,1
zɤp5,1
zuo2,1
zweŋ2,1
zun2,1
zɤ̆j4,1
zăŋ5,1
zuŋ5,1
zuoj3,1
zuoj5,1
zɯ2,1
hɤ̆w5,1
zɯŋ2,1
zɯŋ5,1
zɯɤn5,1
ʈɤ̆p5,1
zit1,1
dɛ̆k5,1
dɛ̆k6,1
dăj4,1
dăj3,1
dăm3,1
dăn2,1
dăn3,1
dăŋ6,1
dɤ̆m3,1
dɤ̆ŋ5,1
ɲɯ6,1
diem6,1
dk1,1
dɛm2,1
duo5,1
dwi4,1
ŋɔm2,1
dɛw5,1
dɛ3,1
dj1,1
dek5,1
deŋ4,1
dep6,1
t'wa3,1
swiet5,1
dit1,1
dw1,1
dɔ̆p1,1
dɔ̆t1,1
dɔ3,1
dwak5,1
dwaj2,1
dɔj4,1
dɔj6,1
dɔn6,1
dɔ̆t5,1
dɔ̆t6,1
dom1,1
t'wa2,1
dɤ5,1
dɤm2,1
dɤn2,1
dɤp5,1
dɤt6,1
dt1,1
dweŋ2,1
dweŋ4,1
dwi3,1
dun6,1
duŋ1,1
duŋ3,1
dup5,1
dut6,1
dwa1,1
dɯŋ1,1
dɯɤk5,1
dɯɤj2,1
ɯɤj1,1
ɛn5,1
ʂɛw2,1
ɛw2,1
uot6,1
nit1,1
ce2,1
dem2,1
em5,1
ew1,1
ɔt1,1
ɣa3,1
dieŋ1,1
ɣieŋ1,1
ɣaj2,1
ɣaj6,1
ɣuŋ2,1
ɣɛ̆ŋ4,1
ɣɛ̆ŋ6,1
lɯk5,1
lɯt5,1
ɣăj6,1
ɣăŋ6,1
ɣɔ̆ŋ4,1
ɣăn6,1
ɣwi3,1
ɣwi6,1
ɣap5,1
ɣɤ̆w1,1
ɣɤ̆w2,1
ɣuo2,1
ɣɤ̆j4,1
ɣum1,1
ɣɤ̆m4,1
ɣɛn2,1
ɣek5,1
ɣek6,1
ɣeŋ4,1
ɣet6,1
ɣien2,1
ɣim2,1
ɣiŋ5,1
ɣit6,1
kɛn6,1
χăn2,1
nuo1,1
zăm3,1
zap6,1
t'ot6,1
zem5,1
zɛw5,1
zn1,1
zɔn4,1
zon1,1
ɣt1,1
t'iew6,1
zu5,1
zum2,1
ɣɔ6,1
ɣăŋ3,1
ɣɛ3,1
ɣe2,1
ɣo6,1
ɣoj2,1
ɣom5,1
ɣɤ2,1
ɣɤm2,1
ɣiek5,1
ɣɤn2,1
ɣɤt6,1
fit5,1
ɣu6,1
ɣăk6,1
ɣwi2,1
ɣun2,1
ɣuon6,1
ɣuot6,1
ɣut5,1
ɣɯɤm1,1
ɣɯɤm2,1
ɣɯɤm6,1
hɯk5,1
hăw6,1
hap5,1
hɤm5,1
hăj3,1
in5,1
hăm4,1
hăm6,1
hăn5,1
hăŋ3,1
hɤ̆m5,1
zwe6,1
hi3,1
hɤ̆j5,1
hɛk1,1
hɛm3,1
hɛn5,1
hɛw2,1
he4,1
he3,1
hen1,1
heŋ2,1
hik5,1
hik6,1
hieŋ1,1
him3,1
ziem6,1
hwăn2,1
hwaj1,1
ŋiŋ1,1
hwɛ̆ŋ3,1
hwăŋ3,1
h4,1
hɔj5,1
hɔm4,1
hɔm3,1
hɔ̆ŋ2,1
hɔk5,1
hak5,1
hon6,1
hoŋ3,1
hɤt6,1
hɤj6,1
ht1,1
huk5,1
hweŋ1,1
hum3,1
hum6,1
hwăn4,1
liw2,1
huot5,1
hwɤ1,1
hwik5,1
hwik6,1
hɯ4,1
hɤ3,1
hɯm2,1
hɯɤm6,1
hɯɤŋ2,1
wap6,1
wăŋ4,1
lim2,1
in2,1
ok1,1
kɛ6,1
kɛk5,1
kɛŋ4,1
kɤm3,1
keŋ3,1
χak6,1
χɛ̆k6,1
χap5,1
χap6,1
χăj1,1
χăj4,1
χwaj4,1
χăm4,1
χăn5,1
χiw1,1
χɤ̆m5,1
χeŋ3,1
χɯɤŋ4,1
χɛ4,1
χɛk6,1
χɛn2,1
χɛn5,1
χe2,1
χe6,1
χeŋ2,1
χwɛ̆ŋ6,1
χien2,1
χin1,1
χin2,1
χiw5,1
χɔ2,1
χɔ4,1
ca5,1
χwăm1,1
χwăn5,1
χwɛn1,1
χɔj1,1
χɔm5,1
χɤj5,1
ɲoj1,1
χuŋ5,1
χăŋ5,1
χuŋ6,1
χieŋ6,1
χuoŋ1,1
χwɤ1,1
χut6,1
χwi6,1
χwăt5,1
χwiŋ4,1
χwip5,1
χwiw6,1
χɯŋ5,1
χɯɤj1,1
χɯɤt6,1
χɯɤw5,1
χɯw5,1
kieŋ3,1
kieŋ5,1
hiet6,1
kwe6,1
kiet1,1
ca3,1
dak5,1
lɔk1,1
ʐaj1,1
laj4,1
lam4,1
zieŋ2,1
kwăw5,1
sɯɤŋ2,1
lat1,1
lăk6,1
lăm4,1
tăn1,1
lăn4,1
kɤ̆m3,1
cɤ̆m3,1
χɤ̆n1,1
kɤ̆n3,1
dɤ̆t6,1
bɤ̆w4,1
lɛj1,1
luok5,1
bɛm2,1
dɛm5,1
lɛŋ1,1
kɛŋ1,1
lɛŋ5,1
fɛŋ5,1
χwɛw4,1
deŋ2,1
set6,1
dew1,1
lew4,1
lien3,1
lieŋ6,1
zim1,1
liŋ6,1
diw1,1
lɔ3,1
mɔ6,1
ŋɛ6,1
lwa4,1
lwak6,1
lwɛ̆ŋ2,1
lwɛ̆ŋ4,1
lwɛ̆ŋ3,1
swat6,1
lwăj1,1
hwăj1,1
lwăn1,1
lwăŋ1,1
lwăŋ2,1
lwăt5,1
lwɛ5,1
lm1,1
tɔj5,1
t'ɔm5,1
lɔn6,1
χɔ̆ŋ2,1
χɔ̆ŋ4,1
bɔ̆ŋ3,1
lɔ̆p6,1
zk5,1
lot1,1
lom4,1
ŋom4,1
lom5,1
lom6,1
lon2,1
ɲon4,1
deŋ3,1
lɤj3,1
lɤm4,1
lɤm3,1
lɤn4,1
vɤn4,1
kɤn6,1
lu4,1
li3,1
lu6,1
luo1,1
luo3,1
lwɤ̆n4,1
lwɤ̆n5,1
liw4,1
lum2,1
lum4,1
lum3,1
lum6,1
kun4,1
luok6,1
luom1,1
ɲuom1,1
luoŋ3,1
bup6,1
lwik5,1
lwien1,1
lwiŋ5,1
t'ɯŋ3,1
χɯɤn1,1
lɯɤŋ5,1
ʈɤj1,1
mum1,1
mam5,1
mun5,1
lɤj5,1
măj6,1
kɔk6,1
miw5,1
mɯw5,1
măm1,1
măn1,1
mɤ̆m6,1
mɤ̆n6,1
mɤ̆j6,1
mɛp6,1
me5,1
me6,1
mek5,1
men1,1
met5,1
mien2,1
mien5,1
mieŋ4,1
miew3,1
mn1,1
mwăj1,1
mwɤ1,1
mɛm1,1
mɔm1,1
mɔm4,1
mɛm5,1
mɔŋ1,1
mɔ̆p6,1
dɛk5,1
mo5,1
moj6,1
mom1,1
mon2,1
moŋ4,1
mɤ6,1
mɤm2,1
ʂwa1,1
mwi4,1
mwi6,1
mum4,1
mum3,1
mim3,1
mum5,1
mun6,1
muoj1,1
muom3,1
muoŋ3,1
mut6,1
mɯɤ6,1
mɯŋ1,1
hum5,1
mɯŋ4,1
mɯɤk6,1
mɯɤw3,1
mɯt5,1
nam5,1
nam6,1
nan5,1
nuŋ2,1
nj1,1
num1,1
năj6,1
năn2,1
ni2,1
nɔ̆t5,1
năŋ2,1
nɤ̆m2,1
nɤ̆n5,1
nɤ̆ŋ3,1
nɤ̆ŋ6,1
nɤ̆j1,1
nɤ̆j2,1
nɤ̆j3,1
nɤ̆j6,1
nɛ2,1
nɛp6,1
nem6,1
nen6,1
new1,1
ŋɤn5,1
ŋam2,1
ŋɛ̆ŋ5,1
ŋɛ̆ŋ4,1
ŋe3,1
sɯɤ4,1
ŋăm1,1
ŋie5,1
ŋăn2,1
ŋwi4,1
ŋiw1,1
ŋăŋ3,1
ŋɤ̆k5,1
ŋɤ̆n5,1
ŋɤ̆ŋ4,1
ŋuo6,1
ŋɤ̆j6,1
ŋɛ2,1
ŋɛn1,1
ŋɛn2,1
ŋɛw4,1
ŋen4,1
ŋeŋ4,1
ŋeŋ3,1
ŋet6,1
ŋew3,1
ŋen6,1
ŋi5,1
ŋiem3,1
ŋɔ1,1
ŋɔ2,1
ŋwăj6,1
ŋwɤ̆j6,1
zien1,1
ŋwan3,1
ŋwăw1,1
ŋwap5,1
ŋwăj1,1
ŋwăn2,1
ŋwɛ5,1
ŋwɛn1,1
ŋwɛw4,1
ŋɔm4,1
ŋɔn4,1
ŋɔ̆ŋ2,1
ŋɔ̆ŋ4,1
ŋɔ̆ŋ3,1
ŋɛt5,1
ŋo2,1
ŋiŋ3,1
fet6,1
som4,1
ŋon2,1
ŋop6,1
ŋot5,1
ŋak5,1
ŋɤm1,1
ŋɤp5,1
ŋɤm2,1
ŋɤt5,1
ŋwɤ̆j1,1
ŋwek5,1
ŋwek6,1
ŋum1,1
ŋum4,1
ŋum6,1
ŋun2,1
ŋut6,1
ŋun5,1
ŋuŋ4,1
ŋiŋ4,1
ŋwaj1,1
liem3,1
ŋɯɤ1,1
ŋɯj4,1
ŋɯŋ4,1
ŋɯɤk5,1
ŋɯɤŋ2,1
ŋɯt5,1
ɲan4,1
ɲan6,1
ɲɤ̆w4,1
kɤ̆ŋ3,1
ɲɔ2,1
ɲie5,1
ɲɔ5,1
t'in5,1
ɲit6,1
ɲăp5,1
ɲɤ̆k5,1
ɲɤ̆n2,1
ɲɤ̆ŋ1,1
ɲiŋ5,1
ɲwɛ̆ŋ6,1
ɲɛt6,1
ɲuo6,1
ɲɤ̆j6,1
ɲɛ5,1
ɲɔm3,1
ɲɛw6,1
ɲe4,1
ɲe3,1
ɲek6,1
ɲeŋ1,1
ɲew4,1
ɲew5,1
ɲien3,1
ɲɯɤŋ1,1
ɲim5,1
ɲin5,1
ɲiŋ1,1
ɲwaj1,1
ɲwɛ̆ŋ2,1
ɲwăj1,1
ɲwɛn1,1
ɲwɛn2,1
ɲɔn1,1
ɲɛn5,1
hwăt5,1
ɲoj6,1
ɲom2,1
ɲwam2,1
ɲon2,1
ɲoŋ2,1
ɲɤj1,1
ɲɤm2,1
ɲɤm5,1
ɲuo5,1
ɲwi5,1
ɲun1,1
ɲuŋ4,1
ɲut6,1
ɲɯ4,1
ɲoj5,1
ɲɯɤn5,1
ɲɯɤŋ5,1
ɲɯt6,1
ʈat1,1
nie3,1
nieŋ2,1
niet5,1
niet6,1
nɔ̆t6,1
nɤn1,1
nɔ2,1
ʂ5,1
ʈoŋ4,1
nɔm2,1
nɤt5,1
nɔ̆ŋ6,1
nɔ̆p5,1
no3,1
neŋ1,1
noŋ3,1
noŋ4,1
not6,1
ʐɔn1,1
nɤ5,1
com4,1
nɤp5,1
nɤm2,1
nɤp6,1
nɤm3,1
nɯt1,1
nt1,1
nu1,1
nwi2,1
nun2,1
nuok6,1
nɤ̆ŋ5,1
nuom5,1
ʈɯŋ4,1
nwi1,1
nɯ1,1
nɯɤm2,1
nɯɤp6,1
ɔ6,1
wa2,1
wɛ̆k5,1
wăm1,1
wan4,1
wat5,1
waj2,1
waj6,1
wăt6,1
wɛ1,1
ɔj2,1
ɔj5,1
ʂɔm2,1
ɔ̆ŋ2,1
ɔ̆ŋ3,1
c4,1
oŋ2,1
et1,1
ăj1,1
ɤ6,1
ɤm3,1
ɤm5,1
fan6,1
fɛ̆ŋ6,1
făp5,1
fiw1,1
fɤ̆m2,1
fɤn3,1
fɛk5,1
fe2,1
feŋ2,1
non6,1
fie6,1
fiet5,1
fiŋ1,1
fiŋ2,1
fiŋ3,1
fɔj1,1
fɔj2,1
fɔk5,1
fɔ̆t5,1
fɔ̆t6,1
fw1,1
fok5,1
fom1,1
fon1,1
foŋ3,1
fak6,1
fɤn1,1
fɤn5,1
zwan3,1
fɯɤ6,1
fɯŋ2,1
fɯɤn3,1
fɯɤn5,1
fɯɤŋ5,1
fɯt5,1
ɤ̆j1,1
ɛj1,1
ɔ̆p1,1
lwie1,1
uo6,1
uok5,1
kwaj2,1
kwan2,1
kwɛ3,1
kwt1,1
kwɔ6,1
kwăj6,1
kwăm1,1
kwăm2,1
kwăn5,1
kwăŋ4,1
kwăp6,1
kwɤ̆k5,1
kwɤ̆j3,1
kwɛn2,1
kwăj5,1
kwek6,1
kwen6,1
kwew2,1
kwik5,1
kwat1,1
kwiŋ4,1
kwip6,1
ʐen5,1
ʐaj2,1
ʐam5,1
ʐam6,1
ʐuo6,1
ʐăw3,1
ʐap1,1
ʐăj4,1
ʐăj3,1
ʐăk6,1
ʐen6,1
ʐɔj4,1
ʐăn6,1
ʐăŋ6,1
ʐăt6,1
ʐɛ5,1
ʐɛm2,1
ʐăt5,1
bɤ̆n1,1
ʐe6,1
ʐem1,1
ʐɤ̆m4,1
ʐew2,1
ʐi6,1
ʐie6,1
ʐiem2,1
ʐiew3,1
ʐim1,1
ʐin3,1
ʐɔ4,1
ʐet6,1
ʐăj6,1
ʐɔ̆t1,1
ʐik1,1
ʐɔn4,1
ʐɔ̆t5,1
ʐɛt6,1
ʐon4,1
ʐip6,1
ʐoŋ5,1
ʐop6,1
ʐɤm4,1
ʐɔk1,1
ʐɤn4,1
ʐɤp5,1
ʐuo3,1
ʐwi1,1
ʐwi6,1
ʐɛŋ4,1
ʐiŋ4,1
ʐuoj5,1
ʐuon1,1
ʐuot5,1
ʐup5,1
ʐɯɤ1,1
ʐɯŋ4,1
ʐɯŋ6,1
ʐɯɤj3,1
ʐɯɤm5,1
ʐɯɤn5,1
ʐɯɤn6,1
ʐɯɤŋ1,1
ʂak6,1
ʂam5,1
ʂam6,1
ʂap6,1
ʂuo6,1
ʂăm6,1
ʂɤ̆m6,1
ʂɤ̆n4,1
ʂɤ̆t5,1
ʂɤ̆j2,1
ʂɛ6,1
ʂɛk5,1
ʂɛm5,1
ʂep5,1
ʂew2,1
ʂew5,1
ʂie6,1
ʂiek5,1
ʂiem4,1
ʂim1,1
ʂ6,1
ʂn1,1
ʂwan2,1
ʂwan5,1
ʂɔj2,1
ʂɔm1,1
ʂɔm6,1
ʂɔn5,1
ʂwaj4,1
ʂɛt1,1
ʂɔ̆t6,1
ʂo2,1
zɛ̆k5,1
ʂok5,1
ʂoj2,1
ʂoj4,1
ʂop5,1
ʂwɛ̆ŋ6,1
ʂɤ5,1
ʂɤj5,1
ʂɤm1,1
ʂɤm2,1
ʂj1,1
ʂɤn5,1
ʂak5,1
ʂw1,1
ʂɛp1,1
ʂik5,1
ʂiw1,1
ʂwi4,1
ʂwe1,1
ʂum6,1
ʂun5,1
ʂun6,1
ʂit1,1
ʂuo1,1
ʂwɛ̆ŋ4,1
ʂuoŋ2,1
ʂwien4,1
ʂwit6,1
ʂɯŋ6,1
ʂɯw4,1
taj3,1
twɛ̆ŋ6,1
fiew6,1
ɲap6,1
tăj5,1
tăn4,1
tiw6,1
tɤ̆m6,1
nɤ̆p6,1
teŋ4,1
teŋ3,1
tɤ̆w6,1
tɤ̆j5,1
tɛ3,1
tɛw5,1
tɛp6,1
ɲɛp6,1
tɛt6,1
tem1,1
teŋ2,1
tep6,1
tot1,1
t'a5,1
t'ak6,1
t'aj2,1
t'ɛ̆ŋ6,1
t'ap6,1
t'ăn1,1
t'ăn2,1
t'ɤm5,1
t'ăp5,1
t'i3,1
t'ɤ̆m3,1
t'ie5,1
t'ɔm3,1
t'ɤ̆w4,1
t'ɤ̆j4,1
t'ɛ3,1
t'ɛw2,1
t'ɛw4,1
t'ep5,1
t'ew2,1
t'iem4,1
t'ien5,1
liep6,1
t'im5,1
t'in2,1
t'iw2,1
t'wa5,1
t'waj1,1
t'wɛ̆ŋ1,1
t'wăn1,1
t'ɔj4,1
t'ɔm1,1
t'ok6,1
hwăŋ1,1
t'om2,1
t'on2,1
t'on4,1
t'on3,1
t'en6,1
t'on6,1
t'op6,1
t'ɤj5,1
fɯŋ1,1
t'ɤn1,1
t'um2,1
t'uon1,1
t'uon2,1
t'uon5,1
t'uoŋ4,1
t'aj3,1
t'ɯŋ1,1
t'ɯɤk6,1
t'ɯɤj3,1
tăn6,1
tieŋ1,1
tin3,1
ŋiw4,1
ŋwiw4,1
tm1,1
twaj2,1
twɛ̆ŋ5,1
twɛ2,1
twɛ4,1
twɛ3,1
twɛn2,1
tɛt1,1
tɔn2,1
tɔŋ2,1
tɛŋ1,1
tɔ̆t6,1
to6,1
tɤ6,1
tɤp5,1
tɤp6,1
tɤt1,1
tp1,1
nuo4,1
ʈa3,1
ʈak6,1
ʈam2,1
ʈam5,1
ʈan1,1
ʈɛ̆ŋ4,1
ʈw1,1
ʈap5,1
ʈăj4,1
ɤn4,1
ʈɤ̆m4,1
ʈɤ̆ŋ1,1
ʈɯɤŋ3,1
ʈɤ̆w4,1
ʈuo6,1
fɛw1,1
ʈɛ3,1
ʈɛt6,1
ʈek6,1
ʈen4,1
ʈet5,1
ʈew5,1
ʈien6,1
ʈieŋ1,1
ʈiŋ6,1
ʈɔ̆t1,1
ʈit5,1
ʈiw5,1
ʈɛ6,1
ʈɔj2,1
ʈɔm2,1
ʈɔm3,1
ʈɛt1,1
ʈăn6,1
ʈie6,1
ʈiŋ3,1
ʈɔ̆ŋ4,1
ʈɔ̆ŋ5,1
ʈo3,1
ʈoj2,1
ʈoj4,1
ʈoj3,1
ʈɔ̆t6,1
ʈeŋ5,1
ʈɤt5,1
ʈu4,1
ʈum5,1
ʈum6,1
ʈun2,1
ʈuoŋ1,1
ʈt1,1
ʈut5,1
ʈut6,1
ʈɯ6,1
ʈɯɤn2,1
tuo5,1
tiw3,1
tim4,1
tun4,1
tuoj2,1
tuon1,1
tuon5,1
tup5,1
tut5,1
twin1,1
twip5,1
twit5,1
tww1,1
cieŋ5,1
tɯɤ1,1
tɯɤ5,1
mɯɤj4,1
tăn5,1
tɯɤp5,1
tɯɤt6,1
tɯɤw2,1
swɛ6,1
uo2,1
uo4,1
uo5,1
ik6,1
we4,1
um2,1
un4,1
up6,1
ut6,1
wiŋ2,1
hɯ3,1
ɯɤ5,1
ɯɤ6,1
ɯŋ2,1
ɯɤm5,1
ɯɤn2,1
vk1,1
văk2,1
vak1,1
vam2,1
vam6,1
ek6,1
hɯɤm1,1
ʐom6,1
vɤ̆m1,1
vɤ̆m6,1
vap6,1
vap5,1
vɤ̆w2,1
vɤ̆w4,1
vɤ̆w5,1
vɛm6,1
vɛn4,1
vek5,1
veŋ4,1
vet6,1
văw1,1
t'ieŋ2,1
vien2,1
vien4,1
vim6,1
vɛp1,1
vut1,1
vwan1,1
vɔj6,1
vɔj5,1
vɔn4,1
vɔn5,1
vɔ̆ŋ4,1
vɔ̆ŋ5,1
vo4,1
vo5,1
vok5,1
voj5,1
von1,1
von2,1
voŋ4,1
vuo2,1
vuk5,1
văk5,1
vuk6,1
vum3,1
kwɛn5,1
vun2,1
vɯk5,1
vuot6,1
caj3,1
vɯt5,1
vɯw1,1
sɤ̆n4,1
saj4,1
sɤ3,1
sam4,1
sam6,1
lan6,1
sɛ̆ŋ2,1
săj4,1
săj5,1
săŋ3,1
săt5,1
sɤ̆w2,1
sɤ̆j4,1
bwit5,1
sw1,1
sɛn2,1
sɛn4,1
sɛŋ2,1
sɛw3,1
se2,1
sem2,1
sen1,1
seŋ1,1
sew1,1
so5,1
sie2,1
sie5,1
sik1,1
mik5,1
siek5,1
sip1,1
sim1,1
sin6,1
siw6,1
siŋ4,1
swak5,1
swaj1,1
swan2,1
swɛ̆ŋ1,1
siŋ3,1
swɛ̆ŋ6,1
swɛ̆k6,1
swa4,1
swăn4,1
swɛn1,1
swɛn2,1
sit1,1
sɔm1,1
sɔn5,1
sɔ̆p6,1
swam2,1
soŋ2,1
seŋ4,1
sop6,1
siet1,1
sɤ2,1
lɤj4,1
sɤn1,1
set5,1
su3,1
su6,1
sieŋ1,1
swe2,1
swe4,1
swek6,1
sweŋ2,1
sum2,1
fuo1,1
suŋ2,1
suoŋ2,1
suoŋ4,1
sap1,1
sut5,1
swie1,1
swat5,1
swit6,1
sɯ6,1
sɯk5,1
sɯk6,1
sɯŋ2,1
vɯŋ4,1
sɤ̆w4,1
ieŋ1,1
ieŋ4,1
uon1,1
